title,pricebucks,price,image,description
Hyundai Encino
1 450 680 сом
$ 16 500
https://im.mashina.kg/tachka/images//8/7/d/87d5730955c005465e6497adaa187cee_240x180.jpg
2018г.,1.6л.,роботвнедорожник5дв.,бензинрульслева,13500км
Kia Carnival
3 516 800 сом
$ 40 000
https://im.mashina.kg/tachka/images//8/7/7/877b91e1caf30ce6fbe795b66c1e4136_240x180.jpg
2020г.,2.2л.,автоматминивэн,дизельрульслева,18000км
Volkswagen ID.6
2 813 440 сом
$ 32 000
https://im.mashina.kg/tachka/images//0/3/5/035ce94b44356f9a677c805aec8e4beb_240x180.jpg
2021г.,автоматвнедорожник5дв.,электрорульслева,23000км
Toyota Land Cruiser
10 990 000 сом
$ 125 000
https://im.mashina.kg/tachka/images//b/9/1/b91db558886496a48ed0a403cf869181_240x180.jpg
2021г.,3.4л.,автоматвнедорожник5дв.,бензинрульслева,10000км
Land Rover Range Rover
6 594 000 сом
$ 75 000
https://im.mashina.kg/tachka/images//a/5/7/a575314e48f1a3633738845cf4190b71_240x180.jpg
2017г.,4.4л.,автоматвнедорожник5дв.,дизельрульслева,98000км
Toyota Highlander
3 850 896 сом
$ 43 800
https://im.mashina.kg/tachka/images//f/c/5/fc5c658b75b35c25d234264eb3cbea60_240x180.jpg
2020г.,2.5л.,автоматвнедорожник5дв.,гибридрульслева,13595км
Mercedes-Benz CLA
2 022 160 сом
$ 23 000
https://im.mashina.kg/tachka/images//2/2/d/22da748f6ceb8e55960e1ca9d0ce438d_240x180.jpg
2016г.,2.1л.,роботседан,дизельрульслева,250000км
Mercedes-Benz C-Класс
2 417 800 сом
$ 27 500
https://im.mashina.kg/tachka/images//6/3/2/6322c7ee3d963fec921af2bdf001b4a4_240x180.jpg
2016г.,2.1л.,автоматседан,дизельрульслева,104000км
Lexus RX
4 308 080 сом
$ 49 000
https://im.mashina.kg/tachka/images//a/9/e/a9ee06884568125a59b8ae35e177192e_240x180.jpg
2018г.,3.5л.,вариаторвнедорожник5дв.,гибридрульслева,101677км
BMW X7
7 736 960 сом
$ 88 000
https://im.mashina.kg/tachka/images//5/7/f/57f8ac88b737e6000f831855b76acc33_240x180.jpg
2019г.,3л.,автоматвнедорожник5дв.,бензинрульслева,40000км
Mercedes-Benz M-класс
2 329 880 сом
$ 26 500
https://im.mashina.kg/tachka/images//5/f/0/5f0a3aca5b1e149e68dc05e0b10fd587_240x180.jpg
2013г.,3.5л.,автоматвнедорожник5дв.,бензинрульслева,92000км
Hyundai Sonata
1 099 000 сом
$ 12 500
https://im.mashina.kg/tachka/images//4/5/2/4521f801588911de7c4d318881468a7a_240x180.jpg
2018г.,2л.,автоматседан,газрульслева,200000км
Toyota Camry
1 714 440 сом
$ 19 500
https://im.mashina.kg/tachka/images//f/8/5/f85b4f4d7368b439544e9d6571dfc3f0_240x180.jpg
2017г.,2.5л.,автоматседан,бензинрульслева,10280км
Kia Carnival
3 886 064 сом
$ 44 200
https://im.mashina.kg/tachka/images//1/f/9/1f978e4f5bfdc5b92fbe7421f23729e6_240x180.jpg
2021г.,2.2л.,автоматминивэн,дизельрульслева,27000км
Kia Carnival
2 329 880 сом
$ 26 500
https://im.mashina.kg/tachka/images//d/c/e/dce3b71ff408ea010c7464c166e14ed1_240x180.jpg
2018г.,2.2л.,автоматминивэн,дизельрульслева,173666км
Toyota Highlander
5 275 200 сом
$ 60 000
https://im.mashina.kg/tachka/images//8/f/0/8f0409b75610b06f081164afc53a4ba9_240x180.jpg
2020г.,2.5л.,автоматвнедорожник5дв.,гибридрульслева,42000км
Mercedes-Benz S-класс
1 050 644 сом
$ 11 950
https://im.mashina.kg/tachka/images//9/e/d/9ed36aac5d878222030bfca542b0e34f_240x180.jpg
2004г.,5л.,автоматседан,бензинрульслева,220500км
Land Rover Range Rover
6 110 440 сом
$ 69 500
https://im.mashina.kg/tachka/images//f/a/d/fadd0c4053a08a5dc92aa9e60c090445_240x180.jpg
2016г.,5л.,автоматвнедорожник5дв.,бензинрульслева,80000км
Geely Monjaro
3 384 920 сом
$ 38 500
https://im.mashina.kg/tachka/images//0/3/4/034d0ec7b7f814bcf27d892a026222e1_240x180.jpg
2023г.,2л.,автоматвнедорожник5дв.,бензинрульслева,60км
Kia Carnival
2 198 000 сом
$ 25 000
https://im.mashina.kg/tachka/images//3/f/6/3f659c64b70b2f56be2d9f9ad416a5b9_240x180.jpg
2018г.,2.2л.,автоматминивэн,дизельрульслева,185000км
BYD Tang
4 220 160 сом
$ 48 000
https://im.mashina.kg/tachka/images//e/6/8/e68b1729f97ae6cfc5e111565b6f1b83_240x180.jpg
2021г.,автоматвнедорожник5дв.,электрорульслева,30000км
Toyota RAV4
2 039 744 сом
$ 23 200
https://im.mashina.kg/tachka/images//d/0/7/d074209303457ca5253a8fe90ee15736_240x180.jpg
2017г.,2.5л.,вариаторвнедорожник5дв.,гибридрульслева,124000км
Lexus RX
1 301 216 сом
$ 14 800
https://im.mashina.kg/tachka/images//9/3/5/935ef3baa31cf6864a11c88060860ace_240x180.jpg
2004г.,3л.,автоматвнедорожник5дв.,бензинрульслева,180000км
Honda M-NV
1 881 488 сом
$ 21 400
https://im.mashina.kg/tachka/images//1/e/2/1e28bd779cbfebe12d172ce793e28eba_240x180.jpg
2022г.,автоматвнедорожник5дв.,электрорульслева,70км
Mazda Premacy
430 000 сом
$ 4 891
https://im.mashina.kg/tachka/images//a/1/d/a1ddbfd705b873496fc92c7a4786d68a_240x180.jpg
2003г.,1.8л.,автоматкомпактвэн,бензинрульсправа,280000км
Toyota C-HR
1 450 680 сом
$ 16 500
https://im.mashina.kg/tachka/images//4/1/c/41ce37b46461ff5d55ee44bcfe934abc_240x180.jpg
2017г.,2л.,вариаторвнедорожник5дв.,бензинрульслева,80467км
Kia Carnival
1 714 440 сом
$ 19 500
https://im.mashina.kg/tachka/images//0/3/8/0387eddc77595001097fcf7da8245b01_240x180.jpg
2016г.,2.2л.,автоматминивэн,дизельрульслева,177000км
Hyundai Santa Fe
1 934 240 сом
$ 22 000
https://im.mashina.kg/tachka/images//9/0/e/90e425f92ed98a0922011602961c5fc8_240x180.jpg
2016г.,2.2л.,автоматвнедорожник5дв.,дизельрульслева,96000км
Hyundai Santa Fe
3 384 920 сом
$ 38 500
https://im.mashina.kg/tachka/images//e/c/c/eccd29ea78b34b20b9904cc6e4048d59_240x180.jpg
2020г.,2.2л.,роботвнедорожник5дв.,дизельрульслева,69000км
Toyota Land Cruiser Prado
2 285 920 сом
$ 26 000
https://im.mashina.kg/tachka/images//d/d/1/dd1e46b6941804ce841dd3b7f0f2eb93_240x180.jpg
2013г.,2.7л.,автоматвнедорожник5дв.,бензинрульслева,230000км
BMW X7
10 990 000 сом
$ 125 000
https://im.mashina.kg/tachka/images//7/1/5/71549565f4b0ec3b970d43974738e56d_240x180.jpg
2021г.,3л.,автоматвнедорожник5дв.,дизельрульслева,46000км
Toyota Land Cruiser
4 747 680 сом
$ 54 000
https://im.mashina.kg/tachka/images//f/9/4/f9494b0e699b5c2086518b311dbbb10e_240x180.jpg
2015г.,4.5л.,автоматвнедорожник5дв.,дизельрульслева,145000км
Kia Sorento
2 532 096 сом
$ 28 800
https://im.mashina.kg/tachka/images//3/e/4/3e4914487486e1a3866b66732cd1c980_240x180.jpg
2018г.,2л.,автоматвнедорожник5дв.,дизельрульслева,147000км
Toyota 4Runner
3 692 640 сом
$ 42 000
https://im.mashina.kg/tachka/images//4/d/a/4daa14184f9c9ebeb1a74e1c45def307_240x180.jpg
2017г.,4л.,автоматвнедорожник5дв.,бензинрульслева,92000км
Toyota Camry
2 769 480 сом
$ 31 500
https://im.mashina.kg/tachka/images//d/3/e/d3ec365e4a9b5d7a0832d9d737c6013c_240x180.jpg
2018г.,2.5л.,автоматседан,бензинрульслева,49000км
Toyota RAV4
3 323 376 сом
$ 37 800
https://im.mashina.kg/tachka/images//d/b/b/dbbb331906735fd83e5a8558343a75a2_240x180.jpg
2021г.,2.5л.,автоматвнедорожник5дв.,бензинрульслева,34000км
Toyota Highlander
4 835 600 сом
$ 55 000
https://im.mashina.kg/tachka/images//c/4/e/c4e418a0e315c4b534dca189b3e83f99_240x180.jpg
2020г.,2.5л.,автоматвнедорожник5дв.,гибридрульслева,29000км
BMW M2
4 571 840 сом
$ 52 000
https://im.mashina.kg/tachka/images//2/5/d/25d4042e35b4dbf15fbe82fef83968d8_240x180.jpg
2018г.,3л.,роботкупе,бензинрульслева,58000км
Tesla Model Y
5 714 800 сом
$ 65 000
https://im.mashina.kg/tachka/images//2/0/9/209c7c16c8784d67131b13a9729d3a06_240x180.jpg
2022г.,автоматвнедорожник5дв.,электрорульслева,4000км
Toyota RAV4
2 022 160 сом
$ 23 000
https://im.mashina.kg/tachka/images//4/e/2/4e25188df52d88facfb8d212bd98ded6_240x180.jpg
2016г.,2.5л.,вариаторвнедорожник5дв.,гибридрульслева,100000км
Volkswagen ID.4
2 636 721 сом
$ 29 990
https://im.mashina.kg/tachka/images//7/e/3/7e3efb091356654586ec27e9c9ccd462_240x180.jpg
2022г.,автоматвнедорожник5дв.,электрорульслева,490км
Toyota Ist
562 688 сом
$ 6 400
https://im.mashina.kg/tachka/images//9/5/f/95f07edfd53fd93867a4a1ef660da96a_240x180.jpg
2002г.,1.5л.,автоматхэтчбек5дв.,бензинрульсправа,260000км
Subaru Outback
2 681 560 сом
$ 30 500
https://im.mashina.kg/tachka/images//1/b/7/1b7c35278e650abe8ea68f87084a6d5f_240x180.jpg
2020г.,2.5л.,вариаторуниверсал,бензинрульслева,34000км
Lexus RX
5 266 408 сом
$ 59 900
https://im.mashina.kg/tachka/images//d/9/d/d9d7635b703e903ecd9fb8945d10bcba_240x180.jpg
2020г.,3.5л.,вариаторвнедорожник5дв.,гибридрульслева,100000км
Kia Mohave (Borrego)
4 088 280 сом
$ 46 500
https://im.mashina.kg/tachka/images//e/e/a/eea4da1c6fc1e8ee14d08b24af77db22_240x180.jpg
2021г.,3л.,автоматвнедорожник5дв.,дизельрульслева,40000км
Lexus RX
9 671 200 сом
$ 110 000
https://im.mashina.kg/tachka/images//a/9/f/a9f233d104da58471f87cca7fdb3505f_240x180.jpg
2023г.,2.4л.,автоматвнедорожник5дв.,бензинрульслева,260км
Hyundai Palisade
4 387 208 сом
$ 49 900
https://im.mashina.kg/tachka/images//3/1/2/31232da44301e9475e84e04569145b30_240x180.jpg
2021г.,2.2л.,автоматвнедорожник5дв.,дизельрульслева,50000км
Kia K5 II Седан
1 257 256 сом
$ 14 300
https://im.mashina.kg/tachka/images//d/3/c/d3cc988b44503643666287d6f7ebeb5d_240x180.jpg
2018г.,2л.,автоматседан,газрульслева,130000км
Toyota 4Runner
4 132 240 сом
$ 47 000
https://im.mashina.kg/tachka/images//5/c/f/5cf6e6094bb03faf50b45dbc4c1a9f9f_240x180.jpg
2017г.,4л.,автоматвнедорожник5дв.,бензинрульслева,98200км
Kia K5 II Седан
1 450 680 сом
$ 16 500
https://im.mashina.kg/tachka/images//e/d/a/edaf1a725e3d97ddaf517a15d88ecda5_240x180.jpg
2019г.,2л.,автоматседан,газрульслева,177334км
Toyota Land Cruiser
1 494 640 сом
$ 17 000
https://im.mashina.kg/tachka/images//c/8/7/c87901ecf12a4e876e025d407d50c693_240x180.jpg
2000г.,4.7л.,автоматвнедорожник5дв.,бензинрульслева,310000км
BMW X5
11 253 760 сом
$ 128 000
https://im.mashina.kg/tachka/images//4/0/e/40e6e26a0f646ae7058ba9536fcd1685_240x180.jpg
2022г.,3л.,автоматвнедорожник5дв.,дизельрульслева,5000км
Toyota Camry
1 626 520 сом
$ 18 500
https://im.mashina.kg/tachka/images//4/b/7/4b7e17bec030c3481f300e91e8c1e324_240x180.jpg
2017г.,2.5л.,автоматседан,гибридрульслева,31000км
Toyota Highlander
3 956 400 сом
$ 45 000
https://im.mashina.kg/tachka/images//8/6/0/86031fe8a499163f1bd0bfe27353227a_240x180.jpg
2017г.,3.5л.,вариаторвнедорожник5дв.,гибридрульслева,65000км
Lexus LX
3 780 560 сом
$ 43 000
https://im.mashina.kg/tachka/images//2/9/1/291746d834cb9375d877092bb0a3e6a5_240x180.jpg
2011г.,5.7л.,автоматвнедорожник5дв.,бензинрульслева,217000км
Renault Arkana
1 890 280 сом
$ 21 500
https://im.mashina.kg/tachka/images//0/e/e/0ee18c21998584298105225701c5bc5d_240x180.jpg
2021г.,1.6л.,механикавнедорожник5дв.,бензинрульслева,30000км
Toyota Wish
659 400 сом
$ 7 500
https://im.mashina.kg/tachka/images//c/3/7/c373091984b6819eb2650e578e7901bf_240x180.jpg
2003г.,2л.,вариаторкомпактвэн,бензинрульсправа,273000км
Voyah Free
3 543 771 сом
$ 40 733
https://im.mashina.kg/tachka/images//1/b/3/1b3c2e83b9ab9642a5c5b65909e45fae_240x180.jpg
2023г.,1.5л.,автоматвнедорожник5дв.,гибридрульслева
BMW X5
3 710 224 сом
$ 42 200
https://im.mashina.kg/tachka/images//7/c/0/7c0d067355cfeb815f1b985d3cf77296_240x180.jpg
2015г.,3л.,автоматвнедорожник5дв.,бензинрульслева,187000км
Ford Ranger
1 186 920 сом
$ 13 500
https://im.mashina.kg/tachka/images//c/a/d/cadd4ce91e3e89296d165938e421df6a_240x180.jpg
2012г.,2.5л.,механикапикапдвойнаякабина,бензинрульслева,350000км
Mazda Familia
350 000 сом
$ 3 981
https://im.mashina.kg/tachka/images//e/f/4/ef48a055888fbe3476d6fcef6058f60f_240x180.jpg
2001г.,2л.,автоматуниверсал,бензинрульсправа,165100км
Lexus LX
7 473 200 сом
$ 85 000
https://im.mashina.kg/tachka/images//9/5/5/955199a1b2f070a4c8cadd1aaf95f982_240x180.jpg
2018г.,5.7л.,автоматвнедорожник5дв.,бензинрульслева,52000км
Hyundai Kona
1 582 560 сом
$ 18 000
https://im.mashina.kg/tachka/images//5/0/4/504078e424b701cc57e6840f3da40314_240x180.jpg
2019г.,1.6л.,роботвнедорожник5дв.,бензинрульслева,28825км
Zeekr X
2 920 677 сом
$ 33 571
https://im.mashina.kg/tachka/images//3/a/9/3a948a03224fda71c51065de751f6c90_240x180.jpg
2023г.,автоматвнедорожник5дв.,электрорульслева
Changan UNI-K
$ 28 006 $ 25 500
$ 25 500
https://im.mashina.kg/tachka/images//e/9/2/e9211c75b7a4b3dffe15dc62e804309a_240x180.jpg
2023г.,2л.,автоматвнедорожник5дв.,бензинрульслева
Zeekr 009
6 026 142 сом
$ 69 266
https://im.mashina.kg/tachka/images//f/8/e/f8e67a76564112a2e136db28c14157b2_240x180.jpg
2023г.,автоматминивэн,электрорульслева
Toyota Camry
1 406 720 сом
$ 16 000
https://im.mashina.kg/tachka/images//8/e/2/8e2d1295ecd7c03cfb1887cbe9db4c1e_240x180.jpg
2015г.,2.5л.,вариаторседан,гибридрульслева,173206км
BMW X7
10 550 400 сом
$ 120 000
https://im.mashina.kg/tachka/images//0/b/e/0be3899e1a0c37abfa812b4931ff879d_240x180.jpg
2021г.,3л.,автоматвнедорожник5дв.,бензинрульслева,36000км
Kia K5 I Седан
1 081 416 сом
$ 12 300
https://im.mashina.kg/tachka/images//5/9/6/596d0da6b3bafa02cfc1e565d1a82743_240x180.jpg
2010г.,2л.,автоматседан,газрульслева,127000км
Toyota Land Cruiser
4 571 840 сом
$ 52 000
https://im.mashina.kg/tachka/images//d/a/b/dabcef1679c388b9df68e5a621b958b0_240x180.jpg
2012г.,4.6л.,автоматвнедорожник5дв.,бензинрульслева,182000км
BMW 5 серии
6 018 000 сом
$ 68 000
https://im.mashina.kg/tachka/images//6/6/6/666777ac8576e195bd9e1da662691e5e_240x180.jpg
2021г.,2л.,автоматседан,бензинрульслева,11100км
Hyundai Santa Fe
2 426 592 сом
$ 27 600
https://im.mashina.kg/tachka/images//b/4/d/b4ddb5aa65fabdcf37247e99f30f3bfc_240x180.jpg
2018г.,2л.,автоматвнедорожник5дв.,дизельрульслева,127000км
Lexus IS
2 198 000 сом
$ 25 000
https://im.mashina.kg/tachka/images//6/a/2/6a23991e629856b519eb6c88d6c64341_240x180.jpg
2017г.,2л.,автоматседан,бензинрульслева,53000км
Geely Monjaro
3 314 584 сом
$ 37 700
https://im.mashina.kg/tachka/images//4/1/a/41a20ab405c3f708352303a3718706c2_240x180.jpg
2023г.,2л.,автоматвнедорожник5дв.,бензинрульслева,10км
Toyota Corolla
1 934 240 сом
$ 22 000
https://im.mashina.kg/tachka/images//b/b/0/bb0c36e3d6e2e772e6c4242b636e7fe2_240x180.jpg
2023г.,1.5л.,вариаторседан,бензинрульслева,10км
Hyundai Santa Fe
2 452 968 сом
$ 27 900
https://im.mashina.kg/tachka/images//2/c/a/2caf9c63b91b2966672319c7c381bb73_240x180.jpg
2019г.,2л.,автоматвнедорожник5дв.,дизельрульслева,59000км
Bentley Continental GT
3 692 640 сом
$ 42 000
https://im.mashina.kg/tachka/images//c/f/5/cf554343655ddbcb9fe913a592cb92af_240x180.jpg
2008г.,6л.,автоматкупе,бензинрульслева,19000км
Toyota Camry
2 857 400 сом
$ 32 500
https://im.mashina.kg/tachka/images//4/f/1/4f1917092e90fb9109a62343aca4da22_240x180.jpg
2018г.,2.5л.,автоматседан,бензинрульслева,54000км
BMW X7
9 231 600 сом
$ 105 000
https://im.mashina.kg/tachka/images//4/9/6/496e232e8e329d2921e2006715a494a4_240x180.jpg
2019г.,3л.,автоматвнедорожник5дв.,дизельрульслева,46000км
BMW X5
8 352 400 сом
$ 95 000
https://im.mashina.kg/tachka/images//e/6/0/e600c4f1beeb2be1209ac89f1566e6d8_240x180.jpg
2022г.,3л.,автоматвнедорожник5дв.,гибридрульслева,9000км
Lexus NX
2 505 720 сом
$ 28 500
https://im.mashina.kg/tachka/images//c/0/2/c0280837e4788cab43e8391057487b60_240x180.jpg
2017г.,2л.,автоматвнедорожник5дв.,бензинрульслева,83000км
Toyota RAV4
2 259 544 сом
$ 25 700
https://im.mashina.kg/tachka/images//3/1/d/31d08d9986bc279be5ab279311181ae3_240x180.jpg
2019г.,2.5л.,автоматвнедорожник5дв.,бензинрульслева,53000км
BMW 7 серии
5 099 360 сом
$ 58 000
https://im.mashina.kg/tachka/images//1/8/a/18a439565d7e05dc554ad0657edb6fe5_240x180.jpg
2017г.,3л.,автоматседан,дизельрульслева,120000км
Kia K5 II Седан
1 582 472 сом
$ 17 999
https://im.mashina.kg/tachka/images//6/8/f/68f685f752d111852d3f4b27ceaf3efb_240x180.jpg
2018г.,2л.,автоматседан,бензинрульслева,139200км
Kia Morning
870 408 сом
$ 9 900
https://im.mashina.kg/tachka/images//d/f/5/df5d08db947f5d89a8b7a6dd5ea82636_240x180.jpg
2017г.,1л.,автоматхэтчбек5дв.,бензинрульслева,192000км
Toyota Camry
2 110 080 сом
$ 24 000
https://im.mashina.kg/tachka/images//4/5/f/45f7e7e697b5df0d3b1fabf9b7442a96_240x180.jpg
2017г.,2.5л.,автоматседан,бензинрульслева,117210км
Ford Mustang
2 285 920 сом
$ 26 000
https://im.mashina.kg/tachka/images//8/c/4/8c44d3732d2b5fd64d41327d4b24a726_240x180.jpg
2015г.,2.3л.,автоматкупе,бензинрульслева,145000км
Zeekr 001
4 680 078 сом
$ 53 794
https://im.mashina.kg/tachka/images//b/4/a/b4a8652109f7cc34eeecaa0afdf4d7a7_240x180.jpg
2023г.,автоматлифтбек,электрорульслева
LiXiang L9
5 515 104 сом
$ 63 392
https://im.mashina.kg/tachka/images//a/9/e/a9ec096dff27e319735e9f83f6706719_240x180.jpg
2023г.,1.5л.,автоматвнедорожник5дв.,гибридрульслева
Hyundai Palisade
4 387 208 сом
$ 49 900
https://im.mashina.kg/tachka/images//1/c/a/1ca34497f33c8e404ce0b153613f5b76_240x180.jpg
2020г.,2.2л.,автоматвнедорожник5дв.,дизельрульслева,44659км
Hyundai Sonata
2 066 120 сом
$ 23 500
https://im.mashina.kg/tachka/images//e/d/2/ed2cb50311d211d233126d50872af79f_240x180.jpg
2019г.,2л.,автоматседан,бензинрульслева,139000км
Mercedes-Benz E-класс AMG
2 180 416 сом
$ 24 800
https://im.mashina.kg/tachka/images//0/0/4/004b19a64a16e48f68197211af2c54c9_240x180.jpg
2003г.,5.4л.,автоматседан,бензинрульслева,206500км
Toyota Camry
2 041 678 сом
$ 23 222
https://im.mashina.kg/tachka/images//7/4/f/74f7cb85ac8ddd06b1ddecadc7cc4c0c_240x180.jpg
2019г.,2.5л.,автоматседан,бензинрульслева,103000км
Subaru Forester
1 512 224 сом
$ 17 200
https://im.mashina.kg/tachka/images//6/8/b/68b2692407ae51a3beddd8e47b041a16_240x180.jpg
2017г.,2.5л.,вариаторвнедорожник5дв.,бензинрульслева,48000км
Toyota Camry
3 270 624 сом
$ 37 200
https://im.mashina.kg/tachka/images//7/a/a/7aa8e8a60d17401a2842a079016ba48c_240x180.jpg
2023г.,2.5л.,автоматседан,бензинрульслева,4км
Lexus RX
4 123 448 сом
$ 46 900
https://im.mashina.kg/tachka/images//c/9/f/c9f83a1178bc5577dab698461ffbb432_240x180.jpg
2017г.,3.5л.,вариаторвнедорожник5дв.,гибридрульслева,67000км
Geely Monjaro
3 384 920 сом
$ 38 500
https://im.mashina.kg/tachka/images//2/3/1/231c4f2f7b96260eac147add87a24197_240x180.jpg
2023г.,2л.,автоматвнедорожник5дв.,бензинрульслева,1км
Kia Carnival
3 771 768 сом
$ 42 900
https://im.mashina.kg/tachka/images//d/f/e/dfeae3d6994ab55e0706918ded02c95d_240x180.jpg
2021г.,2.2л.,автоматминивэн,дизельрульслева,27600км
Land Rover Range Rover
2 110 080 сом
$ 24 000
https://im.mashina.kg/tachka/images//6/9/7/697f01255ebc52b66fdffb45451ce5e5_240x180.jpg
2010г.,5л.,автоматвнедорожник5дв.,бензинрульслева,193000км
Toyota Land Cruiser Prado
4 264 120 сом
$ 48 500
https://im.mashina.kg/tachka/images//5/8/2/5828b61857e3bd75bb8e12509b0c4548_240x180.jpg
2019г.,2.8л.,автоматвнедорожник5дв.,дизельрульслева,80000км
Lexus ES
2 699 144 сом
$ 30 700
https://im.mashina.kg/tachka/images//d/2/a/d2a9291b257a7ec6af4c9c52879705b8_240x180.jpg
2017г.,2.5л.,вариаторседан,гибридрульслева,98000км
Hyundai Palisade
4 044 320 сом
$ 46 000
https://im.mashina.kg/tachka/images//c/1/c/c1c41142d2d0bd6b87d48d1407b9c8ac_240x180.jpg
2020г.,2.2л.,автоматвнедорожник5дв.,дизельрульслева,33000км
Toyota Camry
3 033 240 сом
$ 34 500
https://im.mashina.kg/tachka/images//4/6/b/46b268e02d01472e320c8e8f9f7f8a16_240x180.jpg
2021г.,2.5л.,автоматседан,бензинрульслева,31000км
Hyundai Tucson
2 356 256 сом
$ 26 800
https://im.mashina.kg/tachka/images//d/b/d/dbd8b2195c5232e5311204be817d6c1a_240x180.jpg
2019г.,2л.,автоматвнедорожник5дв.,дизельрульслева,102951км
Lexus ES
2 681 560 сом
$ 30 500
https://im.mashina.kg/tachka/images//e/d/7/ed74a62263ea6f1ceaa53ab98eab4b7e_240x180.jpg
2016г.,2.5л.,вариаторседан,гибридрульслева,149000км
Lexus RX
5 011 440 сом
$ 57 000
https://im.mashina.kg/tachka/images//0/f/d/0fd254a5883586b2ad73b157f2f34502_240x180.jpg
2018г.,3.5л.,автоматвнедорожник5дв.,бензинрульслева,34000км
Kia Mohave (Borrego)
5 160 904 сом
$ 58 700
https://im.mashina.kg/tachka/images//3/a/6/3a613905c12b83b88e35d6241fd2f954_240x180.jpg
2022г.,3л.,автоматвнедорожник5дв.,дизельрульслева,13000км
Lexus RX
4 439 960 сом
$ 50 500
https://im.mashina.kg/tachka/images//0/a/3/0a3db44ddd25042d0533f0622979598c_240x180.jpg
2016г.,3.5л.,вариаторвнедорожник5дв.,гибридрульслева,152000км
Lexus RX
4 703 720 сом
$ 53 500
https://im.mashina.kg/tachka/images//b/1/5/b1549baca3e6db91053f7ac764257540_240x180.jpg
2018г.,3.5л.,вариаторвнедорожник5дв.,гибридрульслева,100000км
Lexus RX
5 451 040 сом
$ 62 000
https://im.mashina.kg/tachka/images//8/a/f/8afc671e6db54758dc32a398023c56bd_240x180.jpg
2019г.,3.5л.,автоматвнедорожник5дв.,бензинрульслева,49500км
Toyota Land Cruiser
2 505 720 сом
$ 28 500
https://im.mashina.kg/tachka/images//a/b/d/abdcb801a2ba74815f6a52b84caa4eca_240x180.jpg
2004г.,4.2л.,механикавнедорожник3дв.,дизельрульслева,353000км
Hyundai Santa Fe
2 101 288 сом
$ 23 900
https://im.mashina.kg/tachka/images//2/b/d/2bd55ee498a28b6d4a10bdcf50b21a3f_240x180.jpg
2018г.,2л.,автоматвнедорожник5дв.,дизельрульслева,160000км
Lexus RX
4 791 640 сом
$ 54 500
https://im.mashina.kg/tachka/images//7/e/8/7e8cc1ea5314c0c7f51bf56280d824c8_240x180.jpg
2018г.,3.5л.,вариаторвнедорожник5дв.,гибридрульслева,72000км
Subaru Outback
1 538 600 сом
$ 17 500
https://im.mashina.kg/tachka/images//5/6/5/5658d9bc681dd508641f5f489887c5a5_240x180.jpg
2017г.,2.5л.,вариаторуниверсал,бензинрульслева,13580км
BMW 7 серии
1 564 976 сом
$ 17 800
https://im.mashina.kg/tachka/images//6/5/8/658fdfb2229ff19d4637668ff0fdf8b1_240x180.jpg
2011г.,3л.,автоматседан,бензинрульслева,196108км
Volkswagen Caravelle
1 055 040 сом
$ 12 000
https://im.mashina.kg/tachka/images//0/a/f/0afed5af9ca4f2364ae429508eb3a83a_240x180.jpg
2008г.,2.5л.,механикаминивэн,дизельрульслева,300000км
Mercedes-Benz S-класс
6 154 400 сом
$ 70 000
https://im.mashina.kg/tachka/images//5/d/1/5d1780d186c3c869a0aa3bd4c1194fba_240x180.jpg
2017г.,3л.,автоматседан,бензинрульслева,51000км
Lexus GS
1 055 040 сом
$ 12 000
https://im.mashina.kg/tachka/images//f/c/4/fc4fa9470ebd03fbfa35eb855e136dec_240x180.jpg
2006г.,3л.,автоматседан,бензинрульслева,160000км
Lexus ES
4 088 280 сом
$ 46 500
https://im.mashina.kg/tachka/images//8/9/c/89c35688b8a135972e6f4a2c7c7ba379_240x180.jpg
2020г.,2.5л.,вариаторседан,гибридрульслева,98000км
Kia Optima
1 292 424 сом
$ 14 700
https://im.mashina.kg/tachka/images//f/d/a/fda740bb0b8120c1ffee1a8264660e67_240x180.jpg
2017г.,2.4л.,автоматседан,бензинрульслева,114000км
Kia Sportage
1 679 272 сом
$ 19 100
https://im.mashina.kg/tachka/images//7/1/0/71090126be59a43fe569ed5c99e80e45_240x180.jpg
2017г.,2.4л.,автоматвнедорожник5дв.,бензинрульслева,123570км
Lexus ES
4 044 320 сом
$ 46 000
https://im.mashina.kg/tachka/images//a/e/c/aec29cd72b52e657a64e484a26eabc23_240x180.jpg
2019г.,2.5л.,вариаторседан,гибридрульслева,60000км
BMW X5
3 472 840 сом
$ 39 500
https://im.mashina.kg/tachka/images//a/8/6/a861865a45c37aad20ce2c2b80173f57_240x180.jpg
2018г.,3л.,автоматвнедорожник5дв.,бензинрульслева,70000км
Mazda 3
878 321 сом
$ 9 990
https://im.mashina.kg/tachka/images//a/9/8/a982a88cdee742fab10622f6e5eb406e_240x180.jpg
2011г.,1.6л.,автоматседан,бензинрульслева,150000км
BMW 5 серии
1 099 000 сом
$ 12 500
https://im.mashina.kg/tachka/images//4/c/8/4c87d72006c8f458bfb61ebeecf7844b_240x180.jpg
2012г.,2л.,автоматседан,бензинрульслева,194000км
Lexus GS
2 813 440 сом
$ 32 000
https://im.mashina.kg/tachka/images//0/2/6/026cd19e662a850b49ad58d9b3f38051_240x180.jpg
2017г.,2.5л.,вариаторседан,гибридрульслева,104000км
Toyota RAV4
2 857 400 сом
$ 32 500
https://im.mashina.kg/tachka/images//a/5/8/a58cbd9ec48998559f4a19a35c339b6c_240x180.jpg
2020г.,2.5л.,автоматвнедорожник5дв.,гибридрульслева,62000км
Lexus GX
6 154 400 сом
$ 70 000
https://im.mashina.kg/tachka/images//0/f/2/0f244911ec89a77d2551f828116ac17d_240x180.jpg
2020г.,4.6л.,автоматвнедорожник5дв.,бензинрульслева,42000км
Land Rover Range Rover
5 275 200 сом
$ 60 000
https://im.mashina.kg/tachka/images//0/8/3/083eb40fdcf7f58a527b504946ee4a31_240x180.jpg
2014г.,4.4л.,автоматвнедорожник5дв.,дизельрульслева,158000км
Lexus ES
4 396 000 сом
$ 50 000
https://im.mashina.kg/tachka/images//b/8/d/b8d8bfcb81036a636d319e3b06f67789_240x180.jpg
2019г.,2.5л.,вариаторседан,гибридрульслева,49000км
Toyota Camry
1 336 384 сом
$ 15 200
https://im.mashina.kg/tachka/images//7/7/1/7712be83eeba495e49ab73e43f657b0c_240x180.jpg
2016г.,2.5л.,автоматседан,бензинрульслева,117000км
Toyota Avalon
3 077 200 сом
$ 35 000
https://im.mashina.kg/tachka/images//d/a/3/da3d59462512481e34b7b13ce5315fc1_240x180.jpg
2019г.,2.5л.,вариаторседан,гибридрульслева,97000км
Kia Mohave (Borrego)
4 044 320 сом
$ 46 000
https://im.mashina.kg/tachka/images//1/c/1/1c176b5a62eeab9c1e15508d47152977_240x180.jpg
2020г.,3л.,автоматвнедорожник5дв.,дизельрульслева,129776км
Kia K7
1 397 928 сом
$ 15 900
https://im.mashina.kg/tachka/images//d/e/2/de26d54baae51bfc63b0e78dbccffd0f_240x180.jpg
2017г.,3л.,автоматседан,газрульслева,186776км
Kia Carnival
2 707 936 сом
$ 30 800
https://im.mashina.kg/tachka/images//6/3/7/637079de497d4e83a01bb16b259fb930_240x180.jpg
2019г.,2.2л.,автоматминивэн,дизельрульслева,176557км
Mercedes-Benz E-класс
747 320 сом
$ 8 500
https://im.mashina.kg/tachka/images//f/8/d/f8dcef77d5c8124707ba414219cb3647_240x180.jpg
2000г.,3.2л.,автоматседан,бензинрульслева
Lexus GX
2 373 840 сом
$ 27 000
https://im.mashina.kg/tachka/images//1/8/6/1862f41c2bb4762d38a050f056e8ca8f_240x180.jpg
2007г.,4.7л.,автоматвнедорожник5дв.,бензинрульслева,236000км
BMW X5
10 990 000 сом
$ 125 000
https://im.mashina.kg/tachka/images//f/2/c/f2c8f81b8a7474339076af6c27987d84_240x180.jpg
2022г.,4.4л.,автоматвнедорожник5дв.,бензинрульслева,3000км
BMW X7
7 736 960 сом
$ 88 000
https://im.mashina.kg/tachka/images//3/5/3/353b204e5798e837dd3237b22779d9a4_240x180.jpg
2020г.,3л.,автоматвнедорожник5дв.,бензинрульслева,33000км
BMW X6
3 692 640 сом
$ 42 000
https://im.mashina.kg/tachka/images//4/4/9/449b2b3bc3722ba357be17d46ada2f48_240x180.jpg
2015г.,3л.,автоматвнедорожник5дв.,дизельрульслева,200000км
Toyota Crown
1 310 008 сом
$ 14 900
https://im.mashina.kg/tachka/images//6/4/1/641a14b8d85bef8189425280e8e6862c_240x180.jpg
2005г.,3.5л.,автоматседан,бензинрульсправа,182000км
Volkswagen Passat (North America and China)
1 652 896 сом
$ 18 800
https://im.mashina.kg/tachka/images//2/6/6/26699858374b53e0caa464a659675b65_240x180.jpg
2017г.,1.8л.,автоматседан,бензинрульслева,75000км
Ravon Nexia R3
835 240 сом
$ 9 500
https://im.mashina.kg/tachka/images//1/0/4/1044884334334253b97945fe8b8f96d4_240x180.jpg
2017г.,1.5л.,механикаседан,бензинрульслева,32000км
Hyundai Sonata
1 318 800 сом
$ 15 000
https://im.mashina.kg/tachka/images//3/d/1/3d136981782336d64371fc8ddec2af9e_240x180.jpg
2017г.,2л.,автоматседан,бензинрульслева,174000км
Kia Morning
993 496 сом
$ 11 300
https://im.mashina.kg/tachka/images//a/7/4/a7463b0035c6997655ab811825523da2_240x180.jpg
2017г.,1л.,автоматхэтчбек5дв.,бензинрульслева,75000км
Honda Stepwgn
1 011 080 сом
$ 11 500
https://im.mashina.kg/tachka/images//3/f/c/3fc15835879fe9a9db04fc00f256f34c_240x180.jpg
2005г.,2л.,автоматминивэн,бензинрульсправа,170000км
Toyota RAV4
2 417 800 сом
$ 27 500
https://im.mashina.kg/tachka/images//a/7/b/a7ba5bb6a34c8c23b35656253bfd5139_240x180.jpg
2021г.,2.5л.,автоматвнедорожник5дв.,бензинрульслева,10000км
Renault Samsung SM7
1 011 080 сом
$ 11 500
https://im.mashina.kg/tachka/images//e/8/2/e82302d63a548307b185eef12660e924_240x180.jpg
2019г.,2л.,автоматседан,бензинрульслева,117800км
Toyota Land Cruiser
2 373 840 сом
$ 27 000
https://im.mashina.kg/tachka/images//8/9/8/89807f55768ad5a588222d0156136b50_240x180.jpg
2010г.,4.5л.,автоматвнедорожник5дв.,дизельрульслева,250000км
Kia Sorento
2 241 960 сом
$ 25 500
https://im.mashina.kg/tachka/images//1/d/b/1db80a8e908a35cfffec6c32856b6937_240x180.jpg
2017г.,2л.,автоматвнедорожник5дв.,дизельрульслева,156000км
Kia Sportage
2 110 080 сом
$ 24 000
https://im.mashina.kg/tachka/images//5/b/2/5b2ea93fd5d809f70f941fd658403671_240x180.jpg
2018г.,2л.,автоматвнедорожник5дв.,дизельрульслева,109000км
Hyundai Grandeur
1 477 056 сом
$ 16 800
https://im.mashina.kg/tachka/images//e/6/5/e651bef85197afc62439c7ca194b13b8_240x180.jpg
2018г.,3л.,автоматседан,газрульслева,2000км
Kia K7
1 230 880 сом
$ 14 000
https://im.mashina.kg/tachka/images//6/d/4/6d48a25674d222e5f58e643d29897960_240x180.jpg
2014г.,3л.,автоматседан,бензинрульслева,128000км
Honda Odyssey
555 000 сом
$ 6 313
https://im.mashina.kg/tachka/images//1/4/8/148f7d3dd342847d1279fce647c31330_240x180.jpg
2005г.,2.4л.,вариаторминивэн,бензинрульсправа,296845км
Toyota RAV4
3 068 408 сом
$ 34 900
https://im.mashina.kg/tachka/images//b/1/0/b10491f1bd3d44ac55118e6b252741ce_240x180.jpg
2020г.,2.5л.,автоматвнедорожник5дв.,гибридрульслева,40000км
Hyundai Genesis
2 813 440 сом
$ 32 000
https://im.mashina.kg/tachka/images//9/1/2/912ab45c1f6053bce4fd1d5088a2e94f_240x180.jpg
2016г.,3л.,автоматседан,бензинрульслева,150000км
Toyota Land Cruiser
3 692 640 сом
$ 42 000
https://im.mashina.kg/tachka/images//a/6/5/a65c9d0f2ad7e7c8e06708305d6c18f0_240x180.jpg
2013г.,4.5л.,автоматвнедорожник5дв.,дизельрульслева,250000км
Honda Accord
967 120 сом
$ 11 000
https://im.mashina.kg/tachka/images//5/1/8/5186240cff409d71540446a8ac36fad0_240x180.jpg
2008г.,2.4л.,автоматседан,бензинрульслева,164000км
BMW 5 серии
3 059 616 сом
$ 34 800
https://im.mashina.kg/tachka/images//a/a/0/aa07a4e92704487aa7fcf2d3515aab2f_240x180.jpg
2018г.,2л.,автоматседан,дизельрульслева,138000км
Toyota Highlander
861 616 сом
$ 9 800
https://im.mashina.kg/tachka/images//3/9/2/392b95f199100ac0d8b94a412a6acceb_240x180.jpg
2003г.,3л.,автоматвнедорожник5дв.,бензинрульслева,298654км
Lexus GX
4 352 040 сом
$ 49 500
https://im.mashina.kg/tachka/images//4/8/c/48c3058370e9d9919e26842135b32017_240x180.jpg
2018г.,4.6л.,автоматвнедорожник5дв.,бензинрульслева,70000км
Honda Fit
378 056 сом
$ 4 300
https://im.mashina.kg/tachka/images//d/9/4/d94c601a40b20d7ae629074f39df5614_240x180.jpg
2002г.,1.3л.,вариаторхэтчбек5дв.,бензинрульсправа,250000км
Lexus LX
11 869 200 сом
$ 135 000
https://im.mashina.kg/tachka/images//1/2/1/12107f1c3d762128d2f91690dc24a549_240x180.jpg
2020г.,5.7л.,автоматвнедорожник5дв.,бензинрульслева,35000км
Kia Carnival
2 198 000 сом
$ 25 000
https://im.mashina.kg/tachka/images//a/d/d/adddc042f17e55e5dcbe1da38c8b9deb_240x180.jpg
2017г.,2.2л.,автоматминивэн,дизельрульслева,20000км
Kia Sportage
2 373 840 сом
$ 27 000
https://im.mashina.kg/tachka/images//f/3/5/f358627619bdd1cb00b7d049c2b37dad_240x180.jpg
2020г.,2.4л.,автоматвнедорожник5дв.,бензинрульслева,43000км
Mercedes-Benz E-класс
2 110 080 сом
$ 24 000
https://im.mashina.kg/tachka/images//5/f/e/5fe3f751c87c5f9e5b0b51b5cb2bed59_240x180.jpg
2013г.,2л.,автоматседан,бензинрульслева,200000км
Kia K7
1 890 280 сом
$ 21 500
https://im.mashina.kg/tachka/images//0/7/6/0762bdcab17a69fa8c57bcadf0fbff67_240x180.jpg
2019г.,2.4л.,автоматседан,бензинрульслева,175000км
Toyota RAV4
2 417 800 сом
$ 27 500
https://im.mashina.kg/tachka/images//9/5/0/9509cedcc1e85ba2eac19847bc828848_240x180.jpg
2019г.,2.5л.,автоматвнедорожник5дв.,бензинрульслева,72000км
Mercedes-Benz E-класс
1 362 760 сом
$ 15 500
https://im.mashina.kg/tachka/images//5/3/f/53f885b072cffe27da24a43fb159b524_240x180.jpg
2008г.,5л.,автоматседан,бензинрульслева,170000км
Lexus LX
4 396 000 сом
$ 50 000
https://im.mashina.kg/tachka/images//d/f/d/dfd87347a7f1dc8568087dd77d3aa196_240x180.jpg
2012г.,5.7л.,автоматвнедорожник5дв.,бензинрульслева,148000км
Subaru Outback
773 696 сом
$ 8 800
https://im.mashina.kg/tachka/images//4/5/1/451c5cca877bd713f3cfe4de329d2ba8_240x180.jpg
2006г.,2.5л.,автоматуниверсал,бензинрульсправа,234567км
Geely Monjaro
3 384 920 сом
$ 38 500
https://im.mashina.kg/tachka/images//9/d/1/9d19bf535a9c3f6dbe57b8d0b40c5a44_240x180.jpg
2023г.,2л.,автоматвнедорожник5дв.,бензинрульслева
Toyota Camry
1 345 176 сом
$ 15 300
https://im.mashina.kg/tachka/images//f/8/6/f863fef38cd0a8eea88e4f0bd025b3bf_240x180.jpg
2015г.,2.5л.,автоматседан,бензинрульслева,115000км
Mercedes-Benz S-класс
1 230 792 сом
$ 13 999
https://im.mashina.kg/tachka/images//c/7/f/c7fe354e2af35c7d7b0ebd97d02e5525_240x180.jpg
2009г.,5.5л.,автоматседан,бензинрульслева,150000км
Kia K5 II Седан
1 116 584 сом
$ 12 700
https://im.mashina.kg/tachka/images//6/9/e/69e0db09ec7c7f234e0604f75196300e_240x180.jpg
2017г.,2л.,автоматседан,газрульслева,163500км
Mercedes-Benz E-класс
1 099 000 сом
$ 12 500
https://im.mashina.kg/tachka/images//e/1/3/e13a34e5b0994f313c80e8c818aa0d65_240x180.jpg
2000г.,3.2л.,автоматседан,бензинрульслева,251000км
Toyota Windom
835 240 сом
$ 9 500
https://im.mashina.kg/tachka/images//c/6/5/c65cfd78c39c7cb377c07c2586b08b98_240x180.jpg
2002г.,3л.,автоматседан,бензинрульсправа,306000км
Toyota Camry
1 556 184 сом
$ 17 700
https://im.mashina.kg/tachka/images//f/8/8/f882fe76df8e4487155c9a9f0aa7bd98_240x180.jpg
2015г.,2.5л.,автоматседан,бензинрульслева,129000км
Toyota Highlander
3 780 560 сом
$ 43 000
https://im.mashina.kg/tachka/images//2/d/5/2d5e2e3b5833c1dd3369aed6bbba8b4c_240x180.jpg
2020г.,3.5л.,автоматвнедорожник5дв.,бензинрульслева,85762км
Hyundai Sonata
1 318 800 сом
$ 15 000
https://im.mashina.kg/tachka/images//b/c/e/bceae022714c2a0c21b6eef79a23bab4_240x180.jpg
2018г.,2.4л.,автоматседан,бензинрульслева,65000км
Hyundai Santa Fe
2 505 720 сом
$ 28 500
https://im.mashina.kg/tachka/images//1/e/8/1e847b4095af6a558fe2ca84c61e0a82_240x180.jpg
2018г.,2.2л.,автоматвнедорожник5дв.,дизельрульслева,130000км
Lexus RX
2 154 040 сом
$ 24 500
https://im.mashina.kg/tachka/images//5/5/f/55f8cdafb937ea62455745efa1e593c1_240x180.jpg
2011г.,3.5л.,автоматвнедорожник5дв.,бензинрульслева,215000км
GAC GS8
4 308 080 сом
$ 49 000
https://im.mashina.kg/tachka/images//b/e/6/be6cc8d3bff9c2fba0978e7765f8cf6a_240x180.jpg
2023г.,2л.,автоматвнедорожник5дв.,бензинрульслева,20км
Lexus ES
2 549 680 сом
$ 29 000
https://im.mashina.kg/tachka/images//4/c/1/4c183c51eeccf91a11f7e075ac3a4e89_240x180.jpg
2016г.,2.5л.,вариаторседан,гибридрульслева,104000км
Kia Sorento
2 329 880 сом
$ 26 500
https://im.mashina.kg/tachka/images//8/2/6/8260c29bec6643f1f84be6043042971f_240x180.jpg
2018г.,2л.,автоматвнедорожник5дв.,дизельрульслева,153900км
Hyundai Sonata
1 169 336 сом
$ 13 300
https://im.mashina.kg/tachka/images//9/8/6/98620fcee075365720a21076c010abe1_240x180.jpg
2017г.,2л.,автоматседан,газрульслева,125600км
Kia K5 II Седан
1 274 840 сом
$ 14 500
https://im.mashina.kg/tachka/images//0/9/c/09ca9c5f308bbf577da3bd4fc8ba6341_240x180.jpg
2017г.,2л.,автоматседан,газрульслева,165000км
Hyundai Sonata
1 274 840 сом
$ 14 500
https://im.mashina.kg/tachka/images//4/4/9/449de68f10e9d47846fbb4eb60284ffb_240x180.jpg
2017г.,2л.,автоматседан,газрульслева,156000км
Mercedes-Benz E-класс
553 896 сом
$ 6 300
https://im.mashina.kg/tachka/images//9/e/f/9efb0af6fd86f657604076d870b5d12c_240x180.jpg
1999г.,3.2л.,автоматседан,бензинрульслева,400000км
Hyundai Sonata
1 318 800 сом
$ 15 000
https://im.mashina.kg/tachka/images//6/b/7/6b789b1434e3d71ca43f490d3062b5e4_240x180.jpg
2018г.,2л.,автоматседан,газрульслева,149433км
Hyundai Accent
1 688 064 сом
$ 19 200
https://im.mashina.kg/tachka/images//4/f/1/4f1a052d9a52211cf9fd7fb78084179a_240x180.jpg
2021г.,1.6л.,автоматседан,бензинрульслева,13000км
BYD E5
1 028 664 сом
$ 11 700
https://im.mashina.kg/tachka/images//0/b/5/0b592aeb15b566a206d782e7bf2617c5_240x180.jpg
2018г.,автоматседан,электрорульслева,74000км
Kia Morning
808 864 сом
$ 9 200
https://im.mashina.kg/tachka/images//7/3/0/73014783fed0d9e8991c01dac4206f8c_240x180.jpg
2017г.,1л.,автоматхэтчбек5дв.,бензинрульслева,74000км
Hyundai Sonata
1 477 056 сом
$ 16 800
https://im.mashina.kg/tachka/images//d/3/1/d310ffc8a9414b36b224d9a52cec56f1_240x180.jpg
2016г.,2л.,автоматседан,гибридрульслева,200000км
Lexus RX
3 824 520 сом
$ 43 500
https://im.mashina.kg/tachka/images//d/b/4/db4a60775c21d29a44bec55b6f6cf58b_240x180.jpg
2017г.,3.5л.,автоматвнедорожник5дв.,бензинрульслева,56000км
Land Rover Range Rover
6 330 240 сом
$ 72 000
https://im.mashina.kg/tachka/images//0/9/2/09268c595e7133dc3a364cd4d1e03f22_240x180.jpg
2017г.,4.4л.,автоматвнедорожник5дв.,дизельрульслева,150000км
Mazda 626
219 800 сом
$ 2 500
https://im.mashina.kg/tachka/images//9/0/d/90dce74eeaa0ab828e6ab477c9eb6dc3_240x180.jpg
1999г.,2л.,механикаседан,бензинрульслева,450000км
Kia Sorento
2 725 520 сом
$ 31 000
https://im.mashina.kg/tachka/images//8/4/e/84e09661db09b13a43287f2a3fb1bf3c_240x180.jpg
2017г.,2.2л.,автоматвнедорожник5дв.,дизельрульслева,80000км
Kia Optima
2 022 160 сом
$ 23 000
https://im.mashina.kg/tachka/images//f/0/9/f0922202f82fc345eddeebf68773329f_240x180.jpg
2018г.,2л.,автоматседан,бензинрульслева,40000км
Audi 80
280 000 сом
$ 3 185
https://im.mashina.kg/tachka/images//e/3/a/e3aa76d2c78872d57596ff8bc8061148_240x180.jpg
1992г.,2.6л.,механикаседан,бензинрульслева,254258км
Audi 80
280 000 сом
$ 3 185
https://im.mashina.kg/tachka/images//e/3/a/e3aa76d2c78872d57596ff8bc8061148_240x180.jpg
1992г.,2.6л.,механикаседан,бензинрульслева,254258км
Toyota Camry
1 213 296 сом
$ 13 800
https://im.mashina.kg/tachka/images//d/9/9/d99243d4cb8c21fe2e2dd8bccc1a66b6_240x180.jpg
2013г.,2.5л.,автоматседан,бензинрульслева,200000км
Toyota Land Cruiser Prado
1 538 600 сом
$ 17 500
https://im.mashina.kg/tachka/images//6/3/7/637b16a51147afaf0bf76278381709ae_240x180.jpg
2007г.,2.7л.,автоматвнедорожник5дв.,бензинрульсправа,140500км
BMW 3 серии
2 198 000 сом
$ 25 000
https://im.mashina.kg/tachka/images//e/4/3/e4355d8373ecb9f443bf1771b21e21d7_240x180.jpg
2017г.,2л.,автоматседан,бензинрульслева,100000км
Daewoo Matiz
180 000 сом
$ 2 047
https://im.mashina.kg/tachka/images//7/4/b/74bbd12cc9fefc092d2745a4e37559af_240x180.jpg
2010г.,0.8л.,механикахэтчбек5дв.,бензинрульслева,46000км
Daewoo Matiz
220 000 сом
$ 2 502
https://im.mashina.kg/tachka/images//a/2/5/a25d4fbc945d9dfa1bf11778774ec1c8_240x180.jpg
2008г.,0.8л.,механикахэтчбек5дв.,бензинрульслева,213417км
BMW 5 серии
2 813 440 сом
$ 32 000
https://im.mashina.kg/tachka/images//e/f/4/ef42463a9d9a9d6762398b90245bc0cc_240x180.jpg
2018г.,2л.,автоматседан,бензинрульслева,45000км
Mercedes-Benz S-класс
1 011 080 сом
$ 11 500
https://im.mashina.kg/tachka/images//c/9/4/c94f1a97db5249143f0904d7f9b1b08d_240x180.jpg
2001г.,5л.,автоматседан,бензинрульслева,165000км
Daewoo Nubira
260 000 сом
$ 2 957
https://im.mashina.kg/tachka/images//1/b/3/1b30cb816b9cdb55ca485a11976ca39f_240x180.jpg
2000г.,1.5л.,механикаседан,бензинрульслева,280000км
Geely Monjaro
3 279 416 сом
$ 37 300
https://im.mashina.kg/tachka/images//7/8/e/78edbaab9ad7d56e1deea54b0e10cd45_240x180.jpg
2023г.,2л.,автоматвнедорожник5дв.,бензинрульслева
Honda FR-V
703 360 сом
$ 8 000
https://im.mashina.kg/tachka/images//0/f/8/0f8ef82545a7c675b337e0aa3eadaad2_240x180.jpg
2008г.,1.8л.,автоматкомпактвэн,бензинрульслева,197000км
Daewoo Kalos
365 000 сом
$ 4 152
https://im.mashina.kg/tachka/images//3/4/9/349221275b5d1eb68dbd532790af9753_240x180.jpg
2003г.,1.4л.,автоматхэтчбек5дв.,бензинрульслева,232000км
Hyundai Avante
1 345 176 сом
$ 15 300
https://im.mashina.kg/tachka/images//7/0/b/70bd0749efdef18f7859ea8658aa6379_240x180.jpg
2017г.,1.6л.,автоматседан,бензинрульслева,187000км
Toyota Camry
914 368 сом
$ 10 400
https://im.mashina.kg/tachka/images//d/8/5/d8578a5bb3410ded1bae556e96556f93_240x180.jpg
2008г.,2.4л.,автоматседан,бензинрульслева,199088км
Toyota Camry
2 201 517 сом
$ 25 040
https://im.mashina.kg/tachka/images//2/5/3/2532adebb07a006b0137ea2274bb1155_240x180.jpg
2020г.,2.5л.,вариаторседан,гибридрульслева,65300км
Mercedes-Benz 190 (W201)
280 000 сом
$ 3 185
https://im.mashina.kg/tachka/images//d/d/4/dd416d53937d0464a178ca2646faded0_240x180.jpg
1993г.,2л.,механикаседан,бензинрульслева,380500км
Geely Monjaro
3 384 920 сом
$ 38 500
https://im.mashina.kg/tachka/images//9/4/9/949dd058997a11206578ef6f47e067cb_240x180.jpg
2023г.,2л.,роботвнедорожник5дв.,бензинрульслева,50км
Honda Stream
606 648 сом
$ 6 900

2002г.,2л.,автоматкомпактвэн,бензинрульсправа,124247км
Volkswagen Passat
527 520 сом
$ 6 000
https://im.mashina.kg/tachka/images//9/c/c/9cc7c4d1a6c61b039e093b60bd4d7f60_240x180.jpg
2001г.,2л.,механикаседан,бензинрульслева,280000км
Daewoo Matiz
250 000 сом
$ 2 843
https://im.mashina.kg/tachka/images//0/3/0/030f871e9598d82a841aca21f62267f5_240x180.jpg
2008г.,0.8л.,механикахэтчбек5дв.,бензинрульслева,184342км
BMW X6
4 220 160 сом
$ 48 000
https://im.mashina.kg/tachka/images//c/d/5/cd558228b324b1b9d119bd62726d8f46_240x180.jpg
2017г.,3л.,автоматвнедорожник5дв.,бензинрульслева,189000км
BMW X5
1 301 216 сом
$ 14 800
https://im.mashina.kg/tachka/images//e/f/c/efc6b8ef828db530bcf7aa375f136352_240x180.jpg
2006г.,4.4л.,автоматвнедорожник5дв.,бензинрульслева,220000км
Hyundai Tucson
1 890 280 сом
$ 21 500
https://im.mashina.kg/tachka/images//f/1/1/f11b5eb8c9823e94961515bada88f34d_240x180.jpg
2017г.,2л.,автоматвнедорожник5дв.,бензинрульслева,83000км
Toyota Camry
2 241 960 сом
$ 25 500
https://im.mashina.kg/tachka/images//1/8/d/18d94467d41655bfe0826f938ec65ab1_240x180.jpg
2014г.,2л.,автоматседан,бензинрульслева,90000км
Kia Sportage
1 749 608 сом
$ 19 900
https://im.mashina.kg/tachka/images//3/e/5/3e5443049b0e2525fbd8cd7b0140eabb_240x180.jpg
2016г.,1.7л.,роботвнедорожник5дв.,дизельрульслева,150000км
Hyundai Santa Fe
3 077 112 сом
$ 34 999
https://im.mashina.kg/tachka/images//9/e/7/9e73ee221a96943173632de13bad779f_240x180.jpg
2018г.,2л.,автоматвнедорожник5дв.,дизельрульслева,91000км
Kia Sorento
2 874 984 сом
$ 32 700
https://im.mashina.kg/tachka/images//8/7/3/873fce860f7b1fda12dca7c9cd1c9bac_240x180.jpg
2018г.,2.2л.,автоматвнедорожник5дв.,дизельрульслева,60999км
Mercedes-Benz E-класс
1 134 168 сом
$ 12 900
https://im.mashina.kg/tachka/images//1/0/e/10e59f9981b3a7e72a6d42903d660859_240x180.jpg
2001г.,4.3л.,автоматседан,бензинрульслева,200000км
Toyota Highlander
3 736 600 сом
$ 42 500
https://im.mashina.kg/tachka/images//4/6/3/46355b90150f1c96d5ec5c12038a3a71_240x180.jpg
2019г.,3.5л.,автоматвнедорожник5дв.,бензинрульслева,32000км
Kia Morning
835 240 сом
$ 9 500
https://im.mashina.kg/tachka/images//4/3/b/43b51be09f9801a8369521e2c7e8b902_240x180.jpg
2018г.,1л.,автоматхэтчбек5дв.,бензин/газрульслева,36000км
Toyota Land Cruiser Prado
1 934 240 сом
$ 22 000
https://im.mashina.kg/tachka/images//e/5/6/e56f578d60863329941e1ae922f95f57_240x180.jpg
2005г.,4л.,автоматвнедорожник5дв.,бензинрульслева,240000км
Subaru Outback
3 033 240 сом
$ 34 500
https://im.mashina.kg/tachka/images//1/a/8/1a8b681c74895ede60c740b9de9af866_240x180.jpg
2020г.,2.5л.,вариаторуниверсал,бензинрульслева,30577км
Lexus LX
10 110 800 сом
$ 115 000
https://im.mashina.kg/tachka/images//5/f/2/5f2912eb27b2d8c619e815bb494db125_240x180.jpg
2018г.,5.7л.,автоматвнедорожник5дв.,бензинрульслева,94000км
Chevrolet Lacetti
470 000 сом
$ 5 346
https://im.mashina.kg/tachka/images//7/3/e/73e7872d2a6645f9f0687647b164a04c_240x180.jpg
2007г.,1.6л.,автоматседан,бензинрульслева,176000км
Ford Focus
200 000 сом
$ 2 275
https://im.mashina.kg/tachka/images//0/d/8/0d84ffc0abfb209033530b022e582e6d_240x180.jpg
2004г.,1.6л.,механикахэтчбек5дв.,бензинрульслева,30000км
Toyota Camry (Japan)
773 696 сом
$ 8 800
https://im.mashina.kg/tachka/images//4/4/7/447719cdcc5a6dc4015fb5f7dcc4fe4c_240x180.jpg
2003г.,2.4л.,автоматседан,бензинрульслева,314000км
Lexus RX
1 230 880 сом
$ 14 000
https://im.mashina.kg/tachka/images//4/9/3/49307eba9ba9464c6ae43897330f4cad_240x180.jpg
2004г.,3.3л.,автоматвнедорожник5дв.,бензинрульслева,245000км
Kia Sorento
1 978 200 сом
$ 22 500
https://im.mashina.kg/tachka/images//2/8/e/28e8426059b769c6aa1b3631fd42659a_240x180.jpg
2017г.,2л.,автоматвнедорожник5дв.,дизельрульслева,160000км
Kia K5 II Седан
1 230 880 сом
$ 14 000
https://im.mashina.kg/tachka/images//4/2/8/428ea530a7f70fd7fbebff11f8e13a67_240x180.jpg
2017г.,2л.,автоматседан,газрульслева,60000км
Toyota Prius
1 441 888 сом
$ 16 400
https://im.mashina.kg/tachka/images//b/d/b/bdb79ed073f5124b6ba5b8bf1ba2a544_240x180.jpg
2017г.,1.8л.,автоматлифтбек,гибридрульслева,153000км
Kia Carnival
2 198 000 сом
$ 25 000
https://im.mashina.kg/tachka/images//b/3/b/b3b9fe378a4f8b833700d078a0ca88b5_240x180.jpg
2017г.,2.2л.,автоматминивэн,дизельрульслева,188000км
Toyota Prius
1 666 084 сом
$ 18 950
https://im.mashina.kg/tachka/images//3/3/e/33e5f2ba70ea08c6e1a72479123d81b9_240x180.jpg
2020г.,1.8л.,автоматлифтбек,гибридрульслева,75500км
Toyota RAV4
2 224 376 сом
$ 25 300
https://im.mashina.kg/tachka/images//7/3/6/73631d8c69cfc2ce955d370c0027e5d0_240x180.jpg
2018г.,2.5л.,вариаторвнедорожник5дв.,гибридрульслева,32000км
Kia K5 II Седан
1 740 816 сом
$ 19 800
https://im.mashina.kg/tachka/images//7/1/a/71abb4327e9bd65c3e7091028ed4ea0f_240x180.jpg
2018г.,2л.,автоматседан,бензинрульслева,133000км
Mercedes-Benz C-Класс
633 024 сом
$ 7 200
https://im.mashina.kg/tachka/images//6/4/5/645a2d6c3d7b483fbdf1c868ba815d0c_240x180.jpg
2001г.,2.6л.,автоматседан,бензинрульслева,367500км
Hyundai Tucson
1 863 904 сом
$ 21 200
https://im.mashina.kg/tachka/images//3/2/9/32965f7e740cfedceb9522603dd40725_240x180.jpg
2017г.,2л.,автоматвнедорожник5дв.,дизельрульслева,100000км
Volkswagen Passat
430 000 сом
$ 4 891
https://im.mashina.kg/tachka/images//2/a/6/2a6bda24143213948191e0c720be33f3_240x180.jpg
1992г.,2.8л.,автоматседан,бензинрульслева,250000км
Hyundai Tucson
2 022 160 сом
$ 23 000
https://im.mashina.kg/tachka/images//d/1/0/d1043a28cb97270dc1c68495e191d809_240x180.jpg
2017г.,2л.,автоматвнедорожник5дв.,дизельрульслева,116000км
Kia Sorento
1 978 200 сом
$ 22 500
https://im.mashina.kg/tachka/images//c/0/1/c01dbc5e844c44d6b172fadd42233c29_240x180.jpg
2017г.,2л.,автоматвнедорожник5дв.,дизельрульслева,150000км
BMW 5 серии
3 956 400 сом
$ 45 000
https://im.mashina.kg/tachka/images//b/f/6/bf681b2e21f958a061fb8b11a64357b0_240x180.jpg
2017г.,3л.,автоматседан,дизельрульслева,160000км
Hyundai Sonata
1 274 840 сом
$ 14 500
https://im.mashina.kg/tachka/images//7/1/0/7102b011ccbe93618570be9dd9f06c29_240x180.jpg
2017г.,2л.,автоматседан,газрульслева,157500км
Honda Stream
355 000 сом
$ 4 038
https://im.mashina.kg/tachka/images//c/e/6/ce66ffe307781cd3a3120ae3825967b4_240x180.jpg
2002г.,2л.,автоматкомпактвэн,бензинрульсправа,307800км
Volkswagen Passat
250 000 сом
$ 2 843
https://im.mashina.kg/tachka/images//0/2/d/02d643d4b9f5b22e7f66be7427343a22_240x180.jpg
1992г.,1.8л.,механикауниверсал,бензинрульслева,322425км
Kia K5 III Седан
2 285 920 сом
$ 26 000
https://im.mashina.kg/tachka/images//a/0/1/a0147774ba7b5b3b6265fe00b5094816_240x180.jpg
2020г.,1.6л.,автоматседан,бензинрульслева,90000км
Hyundai Sonata
1 406 720 сом
$ 16 000
https://im.mashina.kg/tachka/images//1/2/b/12bfeb088c7d1c728200f9f27a94176f_240x180.jpg
2019г.,2л.,автоматседан,газрульслева,115000км
BMW 3 серии
1 055 040 сом
$ 12 000
https://im.mashina.kg/tachka/images//2/d/1/2d1286856d079c4fd6b549fa26e982b6_240x180.jpg
2012г.,2л.,автоматседан,бензинрульслева,95000км
Land Rover Range Rover
1 890 280 сом
$ 21 500
https://im.mashina.kg/tachka/images//f/2/f/f2fd4d291844cdf45cd225522c305455_240x180.jpg
2012г.,5л.,автоматвнедорожник5дв.,бензинрульслева,133000км
Hyundai Sonata
1 116 584 сом
$ 12 700
https://im.mashina.kg/tachka/images//a/6/6/a66bf72d7dbaa8a88e8500bbf1feab4e_240x180.jpg
2017г.,2л.,автоматседан,газрульслева,216000км
Toyota Crown
1 186 920 сом
$ 13 500
https://im.mashina.kg/tachka/images//3/f/e/3fe53e8d3c9b86b4689c98c5ac2b333d_240x180.jpg
2009г.,3.5л.,автоматседан,бензинрульсправа,130000км
Toyota Camry
2 066 120 сом
$ 23 500
https://im.mashina.kg/tachka/images//9/0/8/908dbecf2f4195ef712bed14d13ea3e4_240x180.jpg
2019г.,2.5л.,автоматседан,бензинрульслева,57000км
Toyota Camry
2 066 120 сом
$ 23 500
https://im.mashina.kg/tachka/images//9/0/8/908dbecf2f4195ef712bed14d13ea3e4_240x180.jpg
2019г.,2.5л.,автоматседан,бензинрульслева,57000км
Toyota Ist
550 000 сом
$ 6 256
https://im.mashina.kg/tachka/images//9/5/c/95c383273ead01e9e0a738c4bda9702f_240x180.jpg
2003г.,1.3л.,автоматхэтчбек5дв.,бензинрульсправа,240000км
Honda Jazz
835 240 сом
$ 9 500
https://im.mashina.kg/tachka/images//e/4/d/e4dc4dc2a0b9097e247622e8b3b606e6_240x180.jpg
2006г.,1.3л.,вариаторхэтчбек5дв.,бензинрульслева,198577км
Weltmeister EX5
1 846 320 сом
$ 21 000
https://im.mashina.kg/tachka/images//0/d/4/0d418e21070a62e140de0992d4e8afb7_240x180.jpg
2019г.,автоматвнедорожник5дв.,электрорульслева,80000км
Maple Leaf X30
1 318 800 сом
$ 15 000
https://im.mashina.kg/tachka/images//6/1/9/619e859c3c8b21ac4233982af9efeb00_240x180.jpg
2021г.,автоматвнедорожник5дв.,электрорульслева,3000км
Honda Fit
390 000 сом
$ 4 436
https://im.mashina.kg/tachka/images//2/d/c/2dc62a9ffe3c96bb1daa2efd7ca76b1a_240x180.jpg
2002г.,1.3л.,вариаторхэтчбек5дв.,бензинрульсправа,269000км
Daewoo Matiz
195 000 сом
$ 2 218
https://im.mashina.kg/tachka/images//3/3/c/33c906f233d1db3afb0700172a7bf261_240x180.jpg
2007г.,0.8л.,механикахэтчбек5дв.,бензинрульслева,210000км
Nissan Patrol
703 360 сом
$ 8 000
https://im.mashina.kg/tachka/images//d/f/d/dfd286d5ca752b19d84e425f9d1d56e4_240x180.jpg
2000г.,3л.,механикавнедорожник5дв.,дизельрульслева,264385км
ВАЗ (Lada) 2107
155 000 сом
$ 1 763
https://im.mashina.kg/tachka/images//6/2/c/62cfe5600d4c419b950c2fa256254ff0_240x180.jpg
2007г.,1.6л.,механикаседан,бензинрульслева,65400км
Toyota Avalon
3 499 216 сом
$ 39 800
https://im.mashina.kg/tachka/images//0/9/5/095604459ccaad91ab9400abdbeac897_240x180.jpg
2018г.,2.5л.,вариаторседан,гибридрульслева,41000км
Kia Sorento
2 681 560 сом
$ 30 500
https://im.mashina.kg/tachka/images//9/3/0/9300f2c7e9c11ff63caaa39295f2fb3c_240x180.jpg
2018г.,2л.,автоматвнедорожник5дв.,дизельрульслева,130000км
Kia Sorento
2 127 664 сом
$ 24 200
https://im.mashina.kg/tachka/images//7/3/9/739f3be8400287fa37e93b6a170d0116_240x180.jpg
2017г.,2л.,автоматвнедорожник5дв.,дизельрульслева,114272км
Kia K5 II Седан
1 362 760 сом
$ 15 500
https://im.mashina.kg/tachka/images//1/3/e/13e0635ee4fe4ae9f6af260fe1cffa9b_240x180.jpg
2018г.,2л.,автоматседан,газрульслева,148000км
Hyundai Sonata
1 318 800 сом
$ 15 000
https://im.mashina.kg/tachka/images//1/3/2/1326f887cf7f1ed5cdccaae703ea876e_240x180.jpg
2018г.,2л.,автоматседан,газрульслева,140000км
Audi 80
230 000 сом
$ 2 616
https://im.mashina.kg/tachka/images//b/7/e/b7eabc2cf7ad7f88623e7309720b763d_240x180.jpg
1993г.,2л.,механикаседан,бензинрульслева
Honda Accord
395 640 сом
$ 4 500
https://im.mashina.kg/tachka/images//b/f/1/bf1d0e0452f124757c0e272fd2ce5a7b_240x180.jpg
2003г.,2л.,автоматседан,бензинрульсправа,250000км
Lexus RX
4 352 040 сом
$ 49 500
https://im.mashina.kg/tachka/images//d/4/6/d46e4fec49fa593736e18be0857f78f5_240x180.jpg
2017г.,3.5л.,вариаторвнедорожник5дв.,гибридрульслева,98000км
Honda Fit
590 000 сом
$ 6 711
https://im.mashina.kg/tachka/images//d/0/f/d0f1cdb324af830bda5d1d0d1542e483_240x180.jpg
2004г.,1.3л.,вариаторхэтчбек5дв.,бензинрульсправа,231393км
Kia K3
1 494 640 сом
$ 17 000
https://im.mashina.kg/tachka/images//5/f/e/5fe432f693e104bd354d4cad720ee5fa_240x180.jpg
2019г.,1.6л.,вариаторседан,бензинрульслева,79000км
Mercedes-Benz E-класс
527 520 сом
$ 6 000
https://im.mashina.kg/tachka/images//1/f/5/1f5d33e297c9d2b30f7dff4925a82377_240x180.jpg
2000г.,2.4л.,автоматседан,бензинрульслева,293945км
Mercedes-Benz E-класс
527 520 сом
$ 6 000
https://im.mashina.kg/tachka/images//1/f/5/1f5d33e297c9d2b30f7dff4925a82377_240x180.jpg
2000г.,2.4л.,автоматседан,бензинрульслева,293945км
Toyota Camry
2 285 920 сом
$ 26 000
https://im.mashina.kg/tachka/images//9/e/3/9e35422825a70e48f8936c192815c870_240x180.jpg
2018г.,2.5л.,автоматседан,бензинрульслева,133000км
Nissan Primera
550 000 сом
$ 6 256
https://im.mashina.kg/tachka/images//0/3/9/039c4d31bd3f6b84219d6aedc63e26cf_240x180.jpg
2005г.,1.8л.,механикауниверсал,бензинрульслева,280123км
Daewoo Lanos (Sens)
160 000 сом
$ 1 820
https://im.mashina.kg/tachka/images//f/2/b/f2b3eafa3b7b1297ee7c08d0476c80fe_240x180.jpg
1999г.,1.5л.,механикаседан,бензинрульслева,278300км
Toyota Camry
1 626 520 сом
$ 18 500
https://im.mashina.kg/tachka/images//c/1/7/c17c12887c793a75a3f7e4e876fa0694_240x180.jpg
2017г.,2.5л.,автоматседан,бензинрульслева,87000км
Lexus CT
1 230 880 сом
$ 14 000
https://im.mashina.kg/tachka/images//e/7/b/e7bc0fadcf5ae2474a91c19c5f71af5b_240x180.jpg
2013г.,1.8л.,вариаторхэтчбек5дв.,гибридрульслева,120000км
Honda Stepwgn
630 000 сом
$ 7 166
https://im.mashina.kg/tachka/images//f/7/c/f7ca4518272a52df28081f9d1ca458c3_240x180.jpg
2001г.,2л.,автоматминивэн,бензинрульсправа,169000км
Hyundai Santa Fe
2 989 280 сом
$ 34 000
https://im.mashina.kg/tachka/images//5/3/5/5359967e2ebfa90c631e4fa6883c88e1_240x180.jpg
2020г.,2.4л.,автоматвнедорожник5дв.,бензинрульслева,50000км
Hyundai Santa Fe
3 604 720 сом
$ 41 000
https://im.mashina.kg/tachka/images//9/2/8/928956bb811c13293125173c52b15026_240x180.jpg
2020г.,2.2л.,роботвнедорожник5дв.,дизельрульслева,80000км
Toyota Land Cruiser Prado
2 066 120 сом
$ 23 500
https://im.mashina.kg/tachka/images//9/e/d/9eda268577c7951784e8c2803d34ec06_240x180.jpg
2007г.,3л.,автоматвнедорожник5дв.,дизельрульслева,200000км
Land Rover Range Rover
2 154 040 сом
$ 24 500
https://im.mashina.kg/tachka/images//d/2/b/d2bff0403c0c1485ec79059b1df8fc23_240x180.jpg
2012г.,4.4л.,автоматвнедорожник5дв.,дизельрульслева,200000км
Kia Morning
1 011 080 сом
$ 11 500
https://im.mashina.kg/tachka/images//7/f/6/7f6e1b95aa9e6952706fd57aea96386c_240x180.jpg
2022г.,1л.,автоматхэтчбек5дв.,бензинрульслева,15000км
Mercedes-Benz E-класс
400 000 сом
$ 4 550
https://im.mashina.kg/tachka/images//6/4/0/640a4133f3166e78ef5a7ddba3c077fa_240x180.jpg
1994г.,2.8л.,механикаседан,бензинрульслева,400000км
BMW X5
2 505 720 сом
$ 28 500
https://im.mashina.kg/tachka/images//a/f/e/afece128af72372e87ca21bac3db8207_240x180.jpg
2012г.,3л.,автоматвнедорожник5дв.,бензинрульслева,170000км
Lexus ES
1 011 080 сом
$ 11 500
https://im.mashina.kg/tachka/images//8/c/7/8c7f54fa01f59d391d08b5637733d6e0_240x180.jpg
2004г.,3.3л.,автоматседан,бензинрульслева,200000км
Mercedes-Benz E-класс
420 000 сом
$ 4 777
https://im.mashina.kg/tachka/images//2/6/3/26365e1b62321f3ec85e221f993ea04f_240x180.jpg
1993г.,2.2л.,автоматседан,бензинрульслева,400000км
Nissan Primera
250 000 сом
$ 2 843
https://im.mashina.kg/tachka/images//f/6/f/f6f4499c48e85d654482545378e358fd_240x180.jpg
2001г.,1.8л.,механикаседан,бензинрульслева,326490км
Chevrolet Spark
360 000 сом
$ 4 095
https://im.mashina.kg/tachka/images//e/6/5/e653b3f32e84682445c59f6a831ef970_240x180.jpg
2009г.,0.8л.,механикахэтчбек5дв.,бензинрульслева,176539км
Lexus ES
2 593 640 сом
$ 29 500
https://im.mashina.kg/tachka/images//1/a/4/1a4a5bd58bb77a931fc718d8bfe33536_240x180.jpg
2016г.,2.5л.,вариаторседан,гибридрульслева,80000км
BMW 5 серии
1 652 896 сом
$ 18 800
https://im.mashina.kg/tachka/images//1/4/4/144f1613e41faa7d65396b9b8028dbea_240x180.jpg
2014г.,2л.,автоматседан,бензинрульслева,120000км
BMW 5 серии
676 984 сом
$ 7 700
https://im.mashina.kg/tachka/images//e/9/7/e979ff546f2cbff2eb0cf832adede423_240x180.jpg
2006г.,2.5л.,автоматседан,бензинрульслева,200000км
Kia Sorento
2 417 800 сом
$ 27 500
https://im.mashina.kg/tachka/images//2/7/f/27fac7b7f55bf1598043cdd2ed814789_240x180.jpg
2017г.,2л.,автоматвнедорожник5дв.,дизельрульслева,91000км
Hyundai Santa Fe
2 285 832 сом
$ 25 999
https://im.mashina.kg/tachka/images//6/c/9/6c929f405a73d886f8ba98ab6f62ea8e_240x180.jpg
2018г.,2л.,автоматвнедорожник5дв.,дизельрульслева,111000км
ВАЗ (Lada) 2107
280 000 сом
$ 3 185
https://im.mashina.kg/tachka/images//a/e/9/ae9c4fdc3a33660d5980c44b2b30ca75_240x180.jpg
2009г.,1.6л.,механикаседан,бензинрульслева
Honda Fit
450 000 сом
$ 5 118
https://im.mashina.kg/tachka/images//6/8/0/68084b822899395f55e6060ded2e8641_240x180.jpg
2004г.,1.3л.,вариаторхэтчбек5дв.,бензинрульсправа,280000км
Chevrolet Spark
720 944 сом
$ 8 200
https://im.mashina.kg/tachka/images//8/1/c/81c1b946ee5d71aa9f187a310703cf47_240x180.jpg
2016г.,1л.,вариаторхэтчбек5дв.,бензинрульслева,86200км
Kia K5 II Седан
1 450 680 сом
$ 16 500
https://im.mashina.kg/tachka/images//a/3/b/a3b08f31d7b66f2b3ea96744c469116e_240x180.jpg
2018г.,2л.,автоматседан,газрульслева,148000км
Mercedes-Benz C-Класс
320 000 сом
$ 3 640
https://im.mashina.kg/tachka/images//4/a/6/4a6af172449c9c05c251dbb0df58ac97_240x180.jpg
1994г.,1.8л.,механикаседан,бензинрульслева,420000км
Lexus LX
5 978 560 сом
$ 68 000
https://im.mashina.kg/tachka/images//1/e/c/1ecf45eda4a366330ab726b29f408952_240x180.jpg
2015г.,5.7л.,автоматвнедорожник5дв.,бензинрульслева,112000км
Toyota Corolla
457 184 сом
$ 5 200
https://im.mashina.kg/tachka/images//6/c/6/6c67f2c787b1bfee9e9b64e8d0352549_240x180.jpg
2003г.,1.4л.,механикаседан,бензинрульслева,253269км
Toyota Camry
2 329 880 сом
$ 26 500
https://im.mashina.kg/tachka/images//f/c/1/fc11d0d8c02ded2c0ba6d30539a7a457_240x180.jpg
2021г.,2.5л.,автоматседан,бензинрульслева,18560км
Daewoo Nexia
420 000 сом
$ 4 777
https://im.mashina.kg/tachka/images//5/9/a/59aa007aade7dcf34e4b45e9ae0e12d9_240x180.jpg
2012г.,1.5л.,механикаседан,бензинрульслева,164000км
Renault Samsung SM7
1 274 840 сом
$ 14 500
https://im.mashina.kg/tachka/images//6/a/e/6aefb21a6a38c9de12c93d4648767487_240x180.jpg
2017г.,2л.,автоматседан,бензинрульслева,117000км
Hyundai Tucson
1 169 336 сом
$ 13 300
https://im.mashina.kg/tachka/images//9/2/6/9260306f544e40ca63501959b7552c0d_240x180.jpg
2011г.,2л.,автоматвнедорожник5дв.,дизельрульслева,102536км
Toyota Camry
2 813 440 сом
$ 32 000
https://im.mashina.kg/tachka/images//2/0/d/20d5b61c264b273db483c1a52a2bea17_240x180.jpg
2021г.,2.5л.,вариаторседан,гибридрульслева,28000км
Honda Inspire
747 320 сом
$ 8 500
https://im.mashina.kg/tachka/images//9/f/e/9fea6850cad7ea04180c5251ce59abe9_240x180.jpg
2005г.,3л.,автоматседан,бензинрульсправа,252853км
Toyota Allion
747 320 сом
$ 8 500
https://im.mashina.kg/tachka/images//4/a/7/4a785385fd2c813074e1304ffe9c0e6f_240x180.jpg
2002г.,1.8л.,автоматседан,бензинрульсправа
Hyundai Tucson
1 696 856 сом
$ 19 300
https://im.mashina.kg/tachka/images//d/a/1/da1056dd1a0b2d89feef197ea6c2e30c_240x180.jpg
2016г.,2л.,автоматвнедорожник5дв.,дизельрульслева,131000км
Lexus RX
2 022 160 сом
$ 23 000
https://im.mashina.kg/tachka/images//b/f/3/bf32ad679635d876547ffd48230987cb_240x180.jpg
2010г.,3.5л.,вариаторвнедорожник5дв.,гибридрульслева,130000км
Daewoo Nexia
340 000 сом
$ 3 867
https://im.mashina.kg/tachka/images//0/e/8/0e8ca6af3f354d209142d4f00913f547_240x180.jpg
2012г.,1.5л.,механикаседан,бензинрульслева,14000км
Mercedes-Benz C-Класс
440 000 сом
$ 5 005
https://im.mashina.kg/tachka/images//8/7/c/87cdf5a56508b02beb8f8101352694c0_240x180.jpg
2001г.,3.2л.,автоматседан,бензинрульслева,3000км
Lexus LX
2 365 048 сом
$ 26 900
https://im.mashina.kg/tachka/images//d/6/3/d63a1fce5c02622412b301e8e02d3aaf_240x180.jpg
2008г.,5.7л.,автоматвнедорожник5дв.,бензинрульслева,172000км
BMW 5 серии
250 000 сом
$ 2 843
https://im.mashina.kg/tachka/images//2/a/e/2aecac96ea08b1f1596e3e55b20a7bb7_240x180.jpg
1990г.,2л.,механикаседан,бензинрульслева,200000км
Geely Monjaro
3 121 160 сом
$ 35 500
https://im.mashina.kg/tachka/images//3/a/e/3ae2ecb5a833025eb43286e66e4a6165_240x180.jpg
2023г.,2л.,автоматвнедорожник5дв.,бензинрульслева,10км
Mercedes-Benz E-класс
1 477 056 сом
$ 16 800
https://im.mashina.kg/tachka/images//f/6/d/f6dabe2f02b84fa006d0731060b83b6f_240x180.jpg
2000г.,4.3л.,автоматседан,бензинрульслева,280000км
Toyota Camry
1 318 800 сом
$ 15 000
https://im.mashina.kg/tachka/images//9/8/f/98f50d60895a2f65fecf0a49a73b9bca_240x180.jpg
2012г.,2.5л.,автоматседан,бензинрульслева,100000км
Mercedes-Benz E-класс
703 360 сом
$ 8 000
https://im.mashina.kg/tachka/images//3/1/a/31a6290b2d166d9bd7e19300dc974780_240x180.jpg
2002г.,3.2л.,автоматседан,бензинрульслева,236700км
BMW 3 серии
1 406 720 сом
$ 16 000
https://im.mashina.kg/tachka/images//f/9/b/f9b3fdbb6bdb04a8b7bfc2b90e87d7ca_240x180.jpg
2007г.,3л.,автоматкупе,бензинрульслева,129000км
Toyota Camry
2 725 520 сом
$ 31 000
https://im.mashina.kg/tachka/images//6/6/7/6676e179d783db7b13b8262826f93df1_240x180.jpg
2018г.,2.5л.,автоматседан,бензинрульслева,112000км
Honda Fit
668 192 сом
$ 7 600
https://im.mashina.kg/tachka/images//4/a/2/4a2527b0544811d544b9f3e85aad4dca_240x180.jpg
2002г.,1.5л.,вариаторхэтчбек5дв.,бензинрульсправа,123000км
Honda Accord
560 000 сом
$ 6 369
https://im.mashina.kg/tachka/images//4/6/f/46fb49b3ee47b2a92ac56ab723969e38_240x180.jpg
2003г.,2.4л.,автоматседан,бензинрульсправа,188862км
Nissan X-Terra
1 028 664 сом
$ 11 700
https://im.mashina.kg/tachka/images//a/f/6/af6cae4745af5b637c1805e800fd429f_240x180.jpg
2006г.,4л.,автоматвнедорожник5дв.,бензинрульслева,122000км
Subaru Legacy
1 494 640 сом
$ 17 000
https://im.mashina.kg/tachka/images//e/5/b/e5b82314958c00f7d954dc75606e6e1f_240x180.jpg
2016г.,2.5л.,вариаторседан,бензинрульслева,145000км
Honda CR-V
1 292 424 сом
$ 14 700
https://im.mashina.kg/tachka/images//1/b/c/1bcf711e7e06f0c5155797bc95eb19ea_240x180.jpg
2008г.,2.4л.,автоматвнедорожник5дв.,бензинрульслева,137000км
Toyota Highlander
4 905 936 сом
$ 55 800
https://im.mashina.kg/tachka/images//2/0/0/200089fbd03f2cb3c36082331a5d6b2b_240x180.jpg
2020г.,2.5л.,автоматвнедорожник5дв.,гибридрульслева,30000км
Mercedes-Benz E-класс
659 400 сом
$ 7 500
https://im.mashina.kg/tachka/images//9/0/e/90e0587cf9369195992a7ed368739074_240x180.jpg
2004г.,3.2л.,автоматседан,дизельрульслева,315000км
Honda CR-V
2 593 640 сом
$ 29 500
https://im.mashina.kg/tachka/images//d/a/5/da54658889c0f5ebb7f66552b000d814_240x180.jpg
2018г.,1.5л.,вариаторвнедорожник5дв.,бензинрульслева,41000км
Toyota Camry
3 138 744 сом
$ 35 700
https://im.mashina.kg/tachka/images//f/2/c/f2c9a418668de3f462b20aa31a1f5e77_240x180.jpg
2021г.,2.5л.,автоматседан,бензинрульслева,50000км
Toyota Camry
2 066 120 сом
$ 23 500
https://im.mashina.kg/tachka/images//1/3/3/13367673c26a1331ce5fb75268082bb0_240x180.jpg
2018г.,2.5л.,автоматседан,бензинрульслева,90000км
Kia Carnival
2 066 120 сом
$ 23 500
https://im.mashina.kg/tachka/images//1/d/0/1d0f56394d7eb0dfc8b5e53f31a401a2_240x180.jpg
2016г.,2.2л.,автоматминивэн,дизельрульслева,100000км
Kia Carnival
2 066 120 сом
$ 23 500
https://im.mashina.kg/tachka/images//1/d/0/1d0f56394d7eb0dfc8b5e53f31a401a2_240x180.jpg
2016г.,2.2л.,автоматминивэн,дизельрульслева,100000км
Hyundai Santa Fe
1 758 400 сом
$ 20 000
https://im.mashina.kg/tachka/images//2/f/f/2ffa391a25d2b934fd4807ec9962f1f1_240x180.jpg
2015г.,2л.,автоматвнедорожник5дв.,дизельрульслева,110000км
Subaru Legacy
676 984 сом
$ 7 700
https://im.mashina.kg/tachka/images//7/e/5/7e57b1c1f2c4dab961ff90b208c85947_240x180.jpg
2005г.,2л.,автоматседан,бензинрульслева,280000км
Mitsubishi Endeavor
615 440 сом
$ 7 000
https://im.mashina.kg/tachka/images//6/a/2/6a265787e36b2766ef9e65a0b96129e8_240x180.jpg
2004г.,3.8л.,автоматвнедорожник5дв.,бензинрульслева,147500км
Mercedes-Benz C-Класс
570 000 сом
$ 6 483
https://im.mashina.kg/tachka/images//2/8/f/28ffad5331e3b5f2d412c128befbca40_240x180.jpg
2000г.,2.6л.,автоматседан,бензинрульслева,189000км
Toyota Camry
958 328 сом
$ 10 900
https://im.mashina.kg/tachka/images//b/a/4/ba4aeceb43263e123bd8ba86655cd707_240x180.jpg
2003г.,2.4л.,автоматседан,бензинрульслева,53682км
Toyota Highlander
3 297 000 сом
$ 37 500
https://im.mashina.kg/tachka/images//e/1/0/e10dc984d63e17a20f69a33ea7448267_240x180.jpg
2017г.,3.5л.,автоматвнедорожник5дв.,бензинрульслева,53000км
Nissan Primera
400 000 сом
$ 4 550
https://im.mashina.kg/tachka/images//d/8/2/d8254644c4795de486114e728afc4959_240x180.jpg
2002г.,2л.,вариаторуниверсал,бензинрульсправа,261000км
Subaru Legacy
325 304 сом
$ 3 700
https://im.mashina.kg/tachka/images//4/4/1/441f992bac0d7823b6bb010e1ae92091_240x180.jpg
2002г.,2л.,автоматседан,бензинрульсправа,280000км
Subaru Forester
1 099 000 сом
$ 12 500
https://im.mashina.kg/tachka/images//f/b/7/fb783fb481f0fc0230342e8b9c45e4ab_240x180.jpg
2010г.,2.5л.,автоматвнедорожник5дв.,бензинрульслева,180000км
Mercedes-Benz E-класс
413 224 сом
$ 4 700
https://im.mashina.kg/tachka/images//d/a/b/dab751d521ffe235b10e312988b1249f_240x180.jpg
1994г.,4.2л.,автоматседан,бензинрульслева,434000км
Subaru Forester
2 417 800 сом
$ 27 500
https://im.mashina.kg/tachka/images//1/5/c/15c0fd6b871ea77337b688b1424c6460_240x180.jpg
2020г.,2.5л.,вариаторвнедорожник5дв.,бензинрульслева,100000км
Honda Stepwgn
1 055 040 сом
$ 12 000
https://im.mashina.kg/tachka/images//6/0/e/60e83980b392eaf8938f774b421d2251_240x180.jpg
2004г.,2.4л.,автоматминивэн,бензинрульсправа
Mercedes-Benz E-класс
500 000 сом
$ 5 687
https://im.mashina.kg/tachka/images//4/7/d/47dca45e0fcc77990b11c2934c125068_240x180.jpg
1997г.,3.2л.,автоматседан,бензинрульслева,250000км
Volkswagen Passat
260 000 сом
$ 2 957
https://im.mashina.kg/tachka/images//1/3/7/137cd0df4db906686fb67fd836cf429b_240x180.jpg
1996г.,2л.,механикаседан,бензинрульслева,291136км
Toyota Vellfire
1 257 256 сом
$ 14 300
https://im.mashina.kg/tachka/images//8/9/8/8985bf2f57937660aa48a16e4f947231_240x180.jpg
2009г.,2.4л.,вариаторминивэн,бензинрульсправа,123000км
Daewoo Nexia
210 000 сом
$ 2 389
https://im.mashina.kg/tachka/images//8/8/f/88ffe70289ddc87992c1afd6e712be05_240x180.jpg
2005г.,1.5л.,механикаседан,бензинрульслева,235000км
Hyundai Grandeur
1 538 600 сом
$ 17 500
https://im.mashina.kg/tachka/images//9/8/d/98da9b7f34d90ea6b2f6198c221de91f_240x180.jpg
2017г.,3л.,автоматседан,газрульслева,229000км
Honda Jazz
676 984 сом
$ 7 700
https://im.mashina.kg/tachka/images//6/0/2/6021fef56414c4c58e3b0561548f72de_240x180.jpg
2006г.,1.5л.,вариаторхэтчбек5дв.,бензинрульслева,203119км
Toyota Camry
4 132 240 сом
$ 47 000
https://im.mashina.kg/tachka/images//1/c/c/1ccbc3476a70aabec1659d19ab74eb85_240x180.jpg
2022г.,2.5л.,вариаторседан,гибридрульслева,22000км
Toyota Camry
4 132 240 сом
$ 47 000
https://im.mashina.kg/tachka/images//1/c/c/1ccbc3476a70aabec1659d19ab74eb85_240x180.jpg
2022г.,2.5л.,вариаторседан,гибридрульслева,22000км
Volkswagen Golf
395 000 сом
$ 4 493
https://im.mashina.kg/tachka/images//b/c/e/bce2ed94134ff5781831b8b5b8b8e255_240x180.jpg
2002г.,2л.,автоматхэтчбек5дв.,бензинрульсправа,328000км
Hyundai Santa Fe
3 340 960 сом
$ 38 000
https://im.mashina.kg/tachka/images//b/2/1/b213b6e65f4e93d99636be9b8b4116d2_240x180.jpg
2020г.,2.2л.,роботвнедорожник5дв.,дизельрульслева,46000км
Toyota Prius
1 397 928 сом
$ 15 900
https://im.mashina.kg/tachka/images//f/f/5/ff5bfc80068d3eb119df1ef9412bcdcd_240x180.jpg
2016г.,1.8л.,вариаторлифтбек,гибридрульслева,195000км
Kia Sorento
3 692 640 сом
$ 42 000
https://im.mashina.kg/tachka/images//3/d/b/3db324962beecaeb483bd07c1b39ef2c_240x180.jpg
2020г.,2.2л.,роботвнедорожник5дв.,дизельрульслева,98000км
Hyundai Elantra
1 072 624 сом
$ 12 200
https://im.mashina.kg/tachka/images//1/e/1/1e16dfa01ed1995477581dd3d5b99a22_240x180.jpg
2016г.,2л.,автоматседан,бензинрульслева,157000км
Hyundai Avante
150 000 сом
$ 1 706
https://im.mashina.kg/tachka/images//f/1/8/f1871fc3205c3a1d8aa5af332cf3b0f2_240x180.jpg
1995г.,1.5л.,механикаседан,бензинрульслева,24145км
Toyota Camry
3 956 400 сом
$ 45 000
https://im.mashina.kg/tachka/images//5/a/d/5ad3cf0524d2ff5d659a0c28c26fbd04_240x180.jpg
2021г.,2.5л.,вариаторседан,гибридрульслева,20500км
Honda Fit
586 075 сом
$ 6 666
https://im.mashina.kg/tachka/images//9/a/8/9a8d3f3db5022290149f77e0a3b2e8aa_240x180.jpg
2001г.,1.3л.,вариаторхэтчбек5дв.,бензинрульсправа,33208км
Toyota Camry
1 055 040 сом
$ 12 000
https://im.mashina.kg/tachka/images//8/b/f/8bfbe12a6756822ca218a8b06967e770_240x180.jpg
2005г.,2.4л.,автоматседан,бензинрульслева,170684км
Toyota Avalon
3 165 120 сом
$ 36 000
https://im.mashina.kg/tachka/images//e/4/5/e45a9dc076cc675c5c3e2de4fd8fb297_240x180.jpg
2019г.,2.5л.,вариаторседан,гибридрульслева,70000км
Toyota Camry
2 962 904 сом
$ 33 700
https://im.mashina.kg/tachka/images//c/5/d/c5de65345e0ece1e1d972999a999667b_240x180.jpg
2018г.,2.5л.,автоматседан,бензинрульслева,67000км
Lexus GX
3 077 200 сом
$ 35 000
https://im.mashina.kg/tachka/images//4/0/4/40485f0b29361ff574dbdeeec6e5a2c1_240x180.jpg
2008г.,4.7л.,автоматвнедорожник5дв.,бензинрульслева,147000км
Hyundai Sonata
1 230 880 сом
$ 14 000
https://im.mashina.kg/tachka/images//2/1/f/21f16e741e84abdbfe1dee6fb84925a1_240x180.jpg
2016г.,2л.,автоматседан,бензинрульслева,208000км
Kia Morning
694 568 сом
$ 7 900
https://im.mashina.kg/tachka/images//2/0/2/202b28565c6d762c3965ab200135b066_240x180.jpg
2017г.,1л.,автоматхэтчбек5дв.,бензин/газрульслева,140000км
Hyundai Sonata
923 160 сом
$ 10 500
https://im.mashina.kg/tachka/images//5/d/0/5d0c2c6286359d304d66aa298b635437_240x180.jpg
2010г.,2.4л.,автоматседан,бензинрульслева,270000км
Honda Jazz
615 440 сом
$ 7 000
https://im.mashina.kg/tachka/images//4/d/9/4d981efc0a7cd42e8300dd99349aa7c7_240x180.jpg
2003г.,1.3л.,вариаторхэтчбек5дв.,бензинрульслева,220000км
Nissan X-Trail
703 360 сом
$ 8 000
https://im.mashina.kg/tachka/images//5/1/2/512b51d84916f9ce25a29171c6bd8148_240x180.jpg
2004г.,2.5л.,автоматвнедорожник5дв.,бензинрульслева,245687км
Honda Fit
360 000 сом
$ 4 095
https://im.mashina.kg/tachka/images//2/2/a/22a13ee3d5161075f15f13cae642f616_240x180.jpg
2002г.,1.3л.,вариаторхэтчбек5дв.,бензинрульсправа,379000км
BMW 5 серии
676 984 сом
$ 7 700
https://im.mashina.kg/tachka/images//6/b/3/6b385c4609f2332e9251399500bdc568_240x180.jpg
2002г.,3л.,автоматседан,бензинрульслева,289239км
Honda Fit
580 000 сом
$ 6 597
https://im.mashina.kg/tachka/images//e/2/a/e2a67ccfd27a2b8ea50df9b3e52b67b7_240x180.jpg
2004г.,1.3л.,вариаторхэтчбек5дв.,бензинрульсправа,111111км
Toyota RAV4
2 241 960 сом
$ 25 500
https://im.mashina.kg/tachka/images//2/6/d/26d3aa8648437c0242bd00fcebda41a7_240x180.jpg
2018г.,2.5л.,вариаторвнедорожник5дв.,гибридрульслева,101000км
Subaru Outback
2 004 576 сом
$ 22 800
https://im.mashina.kg/tachka/images//c/c/e/cce7ada21e9ddeb2dc2c7b0d5823b797_240x180.jpg
2017г.,2.5л.,вариаторуниверсал,бензинрульслева,145000км
Toyota RAV4
3 033 240 сом
$ 34 500
https://im.mashina.kg/tachka/images//4/d/1/4d168a8b73276bed2f69a27164e76c73_240x180.jpg
2019г.,2.5л.,вариаторвнедорожник5дв.,гибридрульслева,75000км
Toyota RAV4
2 110 080 сом
$ 24 000
https://im.mashina.kg/tachka/images//a/6/7/a677d7577c8a337ca8063238241295b2_240x180.jpg
2016г.,2.5л.,автоматвнедорожник5дв.,бензинрульслева,138500км
BMW X5 M
6 154 400 сом
$ 70 000
https://im.mashina.kg/tachka/images//6/0/7/607cd8e2307fd850d5037097d1d1d04b_240x180.jpg
2017г.,4.4л.,автоматвнедорожник5дв.,бензинрульслева,70000км
Lexus NX
2 769 480 сом
$ 31 500
https://im.mashina.kg/tachka/images//0/7/6/076be7a059f95f8a5338e830fbae2376_240x180.jpg
2016г.,2л.,автоматвнедорожник5дв.,бензинрульслева,139500км
Subaru Forester
720 944 сом
$ 8 200
https://im.mashina.kg/tachka/images//8/2/a/82ae3a87473bac3809209329ec4a31d3_240x180.jpg
2004г.,2л.,автоматуниверсал,бензинрульсправа,257000км
Subaru Outback
1 670 480 сом
$ 19 000
https://im.mashina.kg/tachka/images//9/4/2/942535aa8d975a6cc9c6c4521ef901c5_240x180.jpg
2017г.,2.5л.,вариаторуниверсал,бензинрульслева,157000км
Lexus RX
4 835 600 сом
$ 55 000
https://im.mashina.kg/tachka/images//f/4/e/f4e18f3177d7b93640fc1bfe13c86d49_240x180.jpg
2017г.,3.5л.,вариаторвнедорожник5дв.,гибридрульслева,75000км
Toyota Mark X
747 320 сом
$ 8 500
https://im.mashina.kg/tachka/images//d/c/e/dce8954a417929e48cc4aef6985edfab_240x180.jpg
2006г.,2.5л.,автоматседан,бензинрульсправа,209000км
Subaru Outback
1 978 200 сом
$ 22 500
https://im.mashina.kg/tachka/images//d/1/3/d136da7a93cbd2ebda4c2207d14a9f3e_240x180.jpg
2017г.,2.5л.,вариаторуниверсал,бензинрульслева,82000км
Toyota Camry
2 198 000 сом
$ 25 000
https://im.mashina.kg/tachka/images//5/2/3/523ffb6d1c64eb4e8e8b541ca675447f_240x180.jpg
2017г.,2.5л.,автоматседан,бензинрульслева,96000км
Toyota Camry
1 960 616 сом
$ 22 300
https://im.mashina.kg/tachka/images//0/d/d/0dd7ad1bb90600c7ea95514d5353f9b2_240x180.jpg
2018г.,2.5л.,автоматседан,бензинрульслева,126000км
Mazda 2
527 520 сом
$ 6 000
https://im.mashina.kg/tachka/images//c/c/b/ccb763e8c4c781a12caf5475c2a6b967_240x180.jpg
2003г.,1.2л.,механикахэтчбек5дв.,бензинрульслева,136876км
BMW 5 серии
791 280 сом
$ 9 000
https://im.mashina.kg/tachka/images//a/a/9/aa9c8f8dc80b5067b697de71724bfc2b_240x180.jpg
1994г.,2.5л.,механикаседан,бензинрульслева,150000км
Lexus RX
3 692 640 сом
$ 42 000
https://im.mashina.kg/tachka/images//9/3/d/93d0954a95fe17ce14d9d69f90d81965_240x180.jpg
2017г.,3.5л.,автоматвнедорожник5дв.,бензинрульслева,143000км
Geely Monjaro
3 323 376 сом
$ 37 800
https://im.mashina.kg/tachka/images//4/2/c/42c21c535f7031832c13b043fe5115e6_240x180.jpg
2023г.,2л.,автоматвнедорожник5дв.,бензинрульслева,17км
Toyota RAV4
3 165 120 сом
$ 36 000
https://im.mashina.kg/tachka/images//f/8/c/f8c9cac7a46a376c3fbd7d3897d42084_240x180.jpg
2019г.,2.5л.,вариаторвнедорожник5дв.,гибридрульслева,103000км
Volkswagen ID.6
3 094 784 сом
$ 35 200
https://im.mashina.kg/tachka/images//3/4/8/34882dd0d3711b84b8d8ed9144f496bd_240x180.jpg
2022г.,автоматвнедорожник5дв.,электрорульслева,37км
Mercedes-Benz S-класс
650 000 сом
$ 7 393
https://im.mashina.kg/tachka/images//8/0/e/80ef511d1d2333ecdf68ff571c702a61_240x180.jpg
2003г.,3.2л.,автоматседан,дизельрульслева,377000км
Volkswagen ID.6
3 077 200 сом
$ 35 000
https://im.mashina.kg/tachka/images//9/9/e/99e3c58b1dbdcb5cff76dac5fc80f1c2_240x180.jpg
2022г.,автоматвнедорожник5дв.,электрорульслева,27км
Toyota Prius
1 714 440 сом
$ 19 500
https://im.mashina.kg/tachka/images//2/b/6/2b66a97c5c257467637cc732b135dd1d_240x180.jpg
2018г.,1.8л.,вариаторлифтбек,гибридрульслева,120555км
Geely Geometry A
1 626 520 сом
$ 18 500
https://im.mashina.kg/tachka/images//3/c/9/3c95dd2fd47704b031eb4cf2a8b0bf49_240x180.jpg
2022г.,автоматседан,электрорульслева,150км
ВАЗ (Lada) 21099
240 000 сом
$ 2 730
https://im.mashina.kg/tachka/images//8/7/1/8714b3298337a72ab601488bc681f0da_240x180.jpg
2004г.,1.5л.,механикаседан,бензинрульслева
Toyota RAV4
2 241 960 сом
$ 25 500
https://im.mashina.kg/tachka/images//b/c/1/bc1e05861000ca97d5b36b81f54b8b8d_240x180.jpg
2018г.,2.5л.,автоматвнедорожник5дв.,бензинрульслева,106800км
Chevrolet Volt
1 538 600 сом
$ 17 500
https://im.mashina.kg/tachka/images//d/a/0/da0fdfa0f27cc17d7e250ab956d41732_240x180.jpg
2018г.,1.5л.,вариаторхэтчбек5дв.,гибридрульслева,158000км
Daewoo Matiz
135 000 сом
$ 1 535
https://im.mashina.kg/tachka/images//2/d/d/2dd9a1454da00c1c3375cfbd565c0bc0_240x180.jpg
1998г.,0.8л.,механикахэтчбек5дв.,бензинрульслева,999100км
Mitsubishi Space Star
299 000 сом
$ 3 401
https://im.mashina.kg/tachka/images//4/e/e/4eeb09f4b805b3574717c405341cec8d_240x180.jpg
2000г.,1.8л.,механикакомпактвэн,бензинрульслева,401234км
Honda Stepwgn
844 032 сом
$ 9 600
https://im.mashina.kg/tachka/images//0/6/9/06968403ccf5bc3024b746866a7da40d_240x180.jpg
2002г.,2л.,автоматминивэн,бензинрульсправа,540000км
Mercedes-Benz W124
240 000 сом
$ 2 730
https://im.mashina.kg/tachka/images//3/1/2/31272b0d47ca657ba3b3bb6da88c8de2_240x180.jpg
1988г.,2.3л.,механикаседан,бензинрульслева,324532км
Mercedes-Benz S-класс
967 120 сом
$ 11 000
https://im.mashina.kg/tachka/images//4/e/e/4eeb338ffa2de70365daa180e2dd9804_240x180.jpg
2005г.,5.5л.,автоматседан,бензинрульслева,227000км
Kia Carnival
2 162 832 сом
$ 24 600
https://im.mashina.kg/tachka/images//5/9/f/59f51163a47c9e86f5a2d6e1a1523869_240x180.jpg
2018г.,2.2л.,автоматминивэн,дизельрульслева,153000км
Nissan Pathfinder
615 440 сом
$ 7 000
https://im.mashina.kg/tachka/images//e/b/6/eb613a86e414ef1cc424be895d9c941b_240x180.jpg
2000г.,3.3л.,автоматвнедорожник5дв.,бензинрульслева,250000км
Chevrolet Malibu
1 099 000 сом
$ 12 500
https://im.mashina.kg/tachka/images//a/d/2/ad2dba59065b04da91c9ad41fb41c035_240x180.jpg
2018г.,1.5л.,автоматседан,бензинрульслева,225000км
Toyota 4Runner
1 696 856 сом
$ 19 300
https://im.mashina.kg/tachka/images//6/6/c/66c88e24ee73ca77b86c9a0512192ac9_240x180.jpg
2003г.,4л.,автоматвнедорожник5дв.,бензинрульслева,190000км
Toyota Cresta
562 688 сом
$ 6 400
https://im.mashina.kg/tachka/images//4/f/d/4fd88812fd416592f947048d392e6a01_240x180.jpg
1997г.,2.5л.,автоматседан,бензинрульсправа,340000км
Honda CR-V
870 408 сом
$ 9 900
https://im.mashina.kg/tachka/images//7/e/e/7ee680c4c8f44a05e2acb08cadab0aca_240x180.jpg
2003г.,2.4л.,автоматвнедорожник5дв.,бензинрульслева,240000км
Hyundai Elantra
1 037 456 сом
$ 11 800
https://im.mashina.kg/tachka/images//1/7/c/17c5a9fa5eb84d04d79872043a2bd452_240x180.jpg
2016г.,1.6л.,автоматседан,бензинрульслева,74000км
Toyota Sequoia
2 373 840 сом
$ 27 000
https://im.mashina.kg/tachka/images//5/1/d/51dadddb34c8ebeeec105e624a138096_240x180.jpg
2008г.,5.7л.,автоматвнедорожник5дв.,бензинрульслева,200000км
Toyota Highlander
2 725 520 сом
$ 31 000
https://im.mashina.kg/tachka/images//e/b/7/eb74a2dd1759d592b6478470de78616e_240x180.jpg
2017г.,3.5л.,автоматвнедорожник5дв.,бензинрульслева,53000км
Lexus RX
3 428 880 сом
$ 39 000
https://im.mashina.kg/tachka/images//8/b/e/8be8251f4143495fc9e0486b5771aa92_240x180.jpg
2018г.,3.5л.,автоматвнедорожник5дв.,бензинрульслева,69000км
Daihatsu Terios
320 000 сом
$ 3 640
https://im.mashina.kg/tachka/images//c/5/d/c5d8e0233492dd78f1b3c7f5d6ac9a52_240x180.jpg
1998г.,1.3л.,автоматвнедорожник5дв.,бензинрульсправа,260000км
Lexus NX
2 417 800 сом
$ 27 500
https://im.mashina.kg/tachka/images//1/a/f/1af497bbf22a7c6d8fe9bcd47ee42867_240x180.jpg
2017г.,2л.,вариаторвнедорожник5дв.,бензинрульслева,60000км
Toyota 4Runner
3 121 160 сом
$ 35 500
https://im.mashina.kg/tachka/images//f/3/7/f3713de257f3cdec5bb57cf793cf3b0b_240x180.jpg
2015г.,4л.,автоматвнедорожник5дв.,бензинрульслева,160000км
Toyota Kluger
879 200 сом
$ 10 000
https://im.mashina.kg/tachka/images//7/3/8/738b55fe04a33dcfbd8f155977053931_240x180.jpg
2001г.,2.4л.,автоматвнедорожник5дв.,бензинрульсправа,248000км
Mercedes-Benz E-класс
330 000 сом
$ 3 753
https://im.mashina.kg/tachka/images//0/2/d/02df1598f1ff1ea41a5e57e1f5609ddd_240x180.jpg
1998г.,3.2л.,автоматседан,бензинрульслева,320000км
Kia Carnival
1 846 320 сом
$ 21 000
https://im.mashina.kg/tachka/images//6/d/e/6ded009c81ad9809f6518b478d76fb23_240x180.jpg
2017г.,2.2л.,автоматминивэн,дизельрульслева,158000км
Honda Stepwgn
879 200 сом
$ 10 000
https://im.mashina.kg/tachka/images//e/5/6/e567197c53a0b8ecdcd00f5054681d9c_240x180.jpg
2003г.,2л.,автоматминивэн,бензинрульслева
Hyundai Sonata
1 160 544 сом
$ 13 200
https://im.mashina.kg/tachka/images//1/2/a/12a894790b1ba9c239a75b1177a11752_240x180.jpg
2017г.,2л.,автоматседан,газрульслева,166000км
Nissan Almera Tino
395 640 сом
$ 4 500
https://im.mashina.kg/tachka/images//3/1/0/310df3e9e1a9806f3e970c9181103e12_240x180.jpg
2002г.,1.8л.,автоматкомпактвэн,бензинрульсправа,220000км
Lexus NX
2 285 920 сом
$ 26 000
https://im.mashina.kg/tachka/images//e/e/a/eea209230c8af67c287931f4549c1b52_240x180.jpg
2016г.,2л.,автоматвнедорожник5дв.,бензинрульслева,90000км
Toyota Camry
703 360 сом
$ 8 000
https://im.mashina.kg/tachka/images//b/2/a/b2a20056cb3f60a0aebf259eebd9beb7_240x180.jpg
2007г.,2.4л.,автоматседан,бензинрульслева,100000км
Lexus RX
2 110 080 сом
$ 24 000
https://im.mashina.kg/tachka/images//d/9/a/d9a034706ac048b85102bdebc6e0786b_240x180.jpg
2010г.,3.5л.,автоматвнедорожник5дв.,бензинрульслева,110000км
Honda Fit
659 400 сом
$ 7 500
https://im.mashina.kg/tachka/images//4/6/4/46459d6d2f39ca391925d78c94d2ea75_240x180.jpg
2003г.,1.5л.,автоматхэтчбек5дв.,бензинрульсправа,238000км
Toyota RAV4
3 508 008 сом
$ 39 900
https://im.mashina.kg/tachka/images//4/e/7/4e7213de6e3939eed9600a034c8ae96e_240x180.jpg
2019г.,2.5л.,вариаторвнедорожник5дв.,гибридрульслева,90000км
Toyota Camry
1 749 608 сом
$ 19 900
https://im.mashina.kg/tachka/images//6/7/0/6702e73febe3535b4209be7925635072_240x180.jpg
2016г.,2.5л.,вариаторседан,гибридрульслева,81000км
Lexus RX
747 320 сом
$ 8 500
https://im.mashina.kg/tachka/images//2/b/c/2bc9f356543002f590f212b6dbd51c6e_240x180.jpg
2003г.,3л.,автоматвнедорожник5дв.,бензинрульсправа,195000км
ВАЗ (Lada) 2107
150 000 сом
$ 1 706
https://im.mashina.kg/tachka/images//6/a/6/6a64ebc1f3445491a06f802f04ec6f8b_240x180.jpg
1998г.,1.6л.,механикаседан,бензинрульслева,399589км
Toyota Prius
949 536 сом
$ 10 800
https://im.mashina.kg/tachka/images//8/8/4/884d20a7afcd9cb5fc5199949da0662a_240x180.jpg
2010г.,1.8л.,автоматхэтчбек5дв.,гибридрульслева,200000км
Toyota Prius
949 536 сом
$ 10 800
https://im.mashina.kg/tachka/images//8/8/4/884d20a7afcd9cb5fc5199949da0662a_240x180.jpg
2010г.,1.8л.,автоматхэтчбек5дв.,гибридрульслева,200000км
Toyota Platz
518 728 сом
$ 5 900
https://im.mashina.kg/tachka/images//4/d/3/4d357cb696f272a882637717e1135dae_240x180.jpg
2001г.,1.5л.,автоматседан,бензинрульсправа,196000км
Mercedes-Benz E-класс
550 000 сом
$ 6 256
https://im.mashina.kg/tachka/images//5/a/e/5aeae410e5556985db561022159e54c8_240x180.jpg
2001г.,2.7л.,механикаседан,дизельрульслева,453245км
BMW X5
5 055 400 сом
$ 57 500
https://im.mashina.kg/tachka/images//6/0/e/60ebfd4a18449608bd93a993a791bf2c_240x180.jpg
2017г.,3л.,автоматвнедорожник5дв.,дизельрульслева,55000км
Mazda Demio
210 000 сом
$ 2 389
https://im.mashina.kg/tachka/images//7/7/5/775cff895e8ab76b064880c4c7b5a025_240x180.jpg
1998г.,1.3л.,автоматхэтчбек5дв.,бензинрульсправа,358352км
Toyota Avalon
2 901 360 сом
$ 33 000
https://im.mashina.kg/tachka/images//f/7/1/f715e303fa9451bc843c6271ff9327f4_240x180.jpg
2018г.,2.5л.,вариаторседан,гибридрульслева,98000км
Lexus ES
2 198 000 сом
$ 25 000
https://im.mashina.kg/tachka/images//4/a/9/4a9dc487d4a752555ebe09470e21cfe7_240x180.jpg
2014г.,2.5л.,вариаторседан,гибридрульслева,160000км
BMW 5 серии
4 176 200 сом
$ 47 500
https://im.mashina.kg/tachka/images//1/9/2/192fab0dba946dda7c2f2993cabc27f3_240x180.jpg
2017г.,3л.,автоматседан,дизельрульслева,120000км
Daewoo Lanos (Sens)
135 000 сом
$ 1 535
https://im.mashina.kg/tachka/images//9/1/b/91bb913af1eb423c93e1ed11e7aed849_240x180.jpg
1997г.,1.5л.,механикаседан,бензинрульслева,326710км
Toyota Camry
2 197 912 сом
$ 24 999
https://im.mashina.kg/tachka/images//f/3/f/f3f75468571e2c6697af395ee9a16c64_240x180.jpg
2018г.,2.5л.,автоматседан,бензинрульслева,110000км
Honda City
668 192 сом
$ 7 600
https://im.mashina.kg/tachka/images//6/4/9/649d488eeb8bc776f77bd1a8465bcd38_240x180.jpg
2008г.,1.3л.,автоматседан,бензинрульслева,170000км
Kia Morning
782 488 сом
$ 8 900
https://im.mashina.kg/tachka/images//6/a/2/6a2611f1a0c88662f5a7281cb2895319_240x180.jpg
2017г.,1л.,автоматхэтчбек5дв.,бензин/газрульслева,135000км
Toyota Land Cruiser
1 494 552 сом
$ 16 999
https://im.mashina.kg/tachka/images//d/f/f/dff79180c55a6f1844ba13afa0ac6d2f_240x180.jpg
2002г.,4.2л.,автоматвнедорожник5дв.,дизельрульслева,234000км
Mercedes-Benz E-класс
1 006 684 сом
$ 11 450
https://im.mashina.kg/tachka/images//1/8/f/18f2833a5cb85468221eae1f0204c6fe_240x180.jpg
2004г.,3.2л.,автоматседан,бензинрульслева,177500км
Acura TL
615 440 сом
$ 7 000
https://im.mashina.kg/tachka/images//a/5/a/a5a4c23e0040ef68e6a35076c4e24134_240x180.jpg
2004г.,3.2л.,автоматседан,бензинрульслева,295000км
Daewoo Nexia
265 000 сом
$ 3 014
https://im.mashina.kg/tachka/images//4/b/9/4b971acb08f7087f20350badc931421e_240x180.jpg
2010г.,1.5л.,механикаседан,бензинрульслева,227000км
Toyota RAV4
2 048 536 сом
$ 23 300
https://im.mashina.kg/tachka/images//9/0/8/90872405a371d24961aa175df222f546_240x180.jpg
2016г.,2.5л.,вариаторвнедорожник5дв.,гибридрульслева,110000км
Hyundai Sonata
1 890 280 сом
$ 21 500
https://im.mashina.kg/tachka/images//f/a/d/fadda450c3e11b7f7f2930aff791f0c8_240x180.jpg
2017г.,2л.,автоматседан,бензинрульслева,84300км
Toyota Camry
1 521 016 сом
$ 17 300
https://im.mashina.kg/tachka/images//b/2/d/b2dc636a95a61587750556925c391e80_240x180.jpg
2016г.,2.5л.,автоматседан,бензинрульслева,73651км
Honda Fit
729 736 сом
$ 8 300
https://im.mashina.kg/tachka/images//0/0/a/00a7980de5dc05cd0def4870b965185f_240x180.jpg
2003г.,1.5л.,вариаторхэтчбек5дв.,бензинрульсправа,334000км
Honda Fit
729 736 сом
$ 8 300
https://im.mashina.kg/tachka/images//0/0/a/00a7980de5dc05cd0def4870b965185f_240x180.jpg
2003г.,1.5л.,вариаторхэтчбек5дв.,бензинрульсправа,334000км
Volkswagen Golf
1 099 000 сом
$ 12 500
https://im.mashina.kg/tachka/images//e/2/2/e22710e1474deb632d5b8b13d28b2c22_240x180.jpg
2016г.,1.8л.,автоматуниверсал,бензинрульслева,103000км
BMW 5 серии
395 640 сом
$ 4 500
https://im.mashina.kg/tachka/images//e/0/e/e0ea3d19412c017e0c1c2c6e0649a7eb_240x180.jpg
1995г.,2.5л.,механикаседан,бензинрульслева,385047км
Daewoo Nexia
215 000 сом
$ 2 445
https://im.mashina.kg/tachka/images//c/9/0/c90caf7f476522b3decb8028b332dbf6_240x180.jpg
2010г.,1.5л.,механикаседан,бензинрульслева,178000км
Daewoo Matiz
200 000 сом
$ 2 275
https://im.mashina.kg/tachka/images//b/a/8/ba8c5d2401c02138cb851cb06feb5861_240x180.jpg
2004г.,0.8л.,механикахэтчбек5дв.,бензинрульслева
Chevrolet Lacetti
385 000 сом
$ 4 379
https://im.mashina.kg/tachka/images//3/f/0/3f033cabca2b752f0887ea90a0f838db_240x180.jpg
2011г.,1.6л.,механикаседан,бензинрульслева,121000км
Honda CR-V
700 000 сом
$ 7 962
https://im.mashina.kg/tachka/images//9/d/6/9d63512ab609fe2183ed1e1cabe4ed44_240x180.jpg
2003г.,2л.,механикавнедорожник5дв.,бензинрульслева,290000км
Daewoo Nexia
250 000 сом
$ 2 843
https://im.mashina.kg/tachka/images//c/b/a/cba0e521a00798297d99f38c346d71e3_240x180.jpg
2009г.,1.5л.,механикаседан,бензинрульслева,220000км
Opel Astra
420 000 сом
$ 4 777
https://im.mashina.kg/tachka/images//a/4/d/a4d8e70889f58b88d7230ff92bf294c7_240x180.jpg
2001г.,1.6л.,механикауниверсал,бензинрульслева,15000км
Opel Zafira
300 000 сом
$ 3 412
https://im.mashina.kg/tachka/images//c/1/c/c1c5361ce2986b493770607b4f40fe4f_240x180.jpg
2001г.,2.2л.,механикакомпактвэн,бензинрульслева
BMW M5
1 257 256 сом
$ 14 300
https://im.mashina.kg/tachka/images//e/8/c/e8cdc36965273fc88793f9694c24cc01_240x180.jpg
2010г.,5л.,роботседан,бензинрульслева,159612км
Mazda Familia
240 000 сом
$ 2 730
https://im.mashina.kg/tachka/images//e/6/1/e61fb394eab3931fde8e1085b43f59a3_240x180.jpg
2001г.,1.5л.,автоматседан,бензинрульсправа,298657км
Mazda 626
140 000 сом
$ 1 592
https://im.mashina.kg/tachka/images//0/3/1/031d57b17b0872a928f229fda34a6aba_240x180.jpg
1988г.,2л.,механикахэтчбек5дв.,бензинрульслева,293564км
Daewoo Nexia
240 000 сом
$ 2 730
https://im.mashina.kg/tachka/images//a/d/9/ad94b589525bc93f717aaae7a2b0eb44_240x180.jpg
2010г.,1.6л.,механикаседан,бензинрульслева,244000км
Honda CR-V
720 000 сом
$ 8 189
https://im.mashina.kg/tachka/images//5/5/3/553fe285bb226d0f76346d52a6e51cfc_240x180.jpg
2001г.,2л.,механикавнедорожник5дв.,бензинрульслева,240000км
Honda CR-V
720 000 сом
$ 8 189
https://im.mashina.kg/tachka/images//9/1/a/91ac249bb5a243e53cefc92f297713f6_240x180.jpg
2001г.,2л.,автоматвнедорожник5дв.,бензинрульслева,202227км
Daewoo Matiz
275 000 сом
$ 3 128
https://im.mashina.kg/tachka/images//0/1/2/012c2469e519585fcbafabdeeee9e57b_240x180.jpg
2004г.,0.8л.,автоматхэтчбек5дв.,бензинрульслева,260000км
Hyundai Getz
320 908 сом
$ 3 650
https://im.mashina.kg/tachka/images//d/c/6/dc60730e0d761f4cab63b7253dc4081d_240x180.jpg
2003г.,1.1л.,механикахэтчбек5дв.,бензинрульслева,260000км
Mercedes-Benz C-Класс
395 000 сом
$ 4 493
https://im.mashina.kg/tachka/images//2/3/d/23d821fde5a25a496c532c5790b57241_240x180.jpg
1998г.,1.8л.,автоматседан,бензинрульслева,300000км
Opel Meriva
380 000 сом
$ 4 322
https://im.mashina.kg/tachka/images//8/0/3/803cc0b1a77b7db8e103056b2272f26b_240x180.jpg
2004г.,1.8л.,роботкомпактвэн,бензинрульслева,200000км
Honda Fit
750 000 сом
$ 8 530
https://im.mashina.kg/tachka/images//a/f/a/afa5e6d04278182eea5c7f334f0f50cb_240x180.jpg
2005г.,1.3л.,вариаторхэтчбек5дв.,бензинрульсправа,179000км
Hyundai Sonata
1 204 504 сом
$ 13 700
https://im.mashina.kg/tachka/images//3/2/6/326b4a22a98af57d7ee897cc175b36b7_240x180.jpg
2018г.,2л.,автоматседан,газрульслева,184000км
Honda Fit
430 000 сом
$ 4 891
https://im.mashina.kg/tachka/images//c/5/8/c588b6efbe12495e1df171a9212e7fe5_240x180.jpg
2002г.,1.5л.,вариаторхэтчбек5дв.,бензинрульсправа,254368км
Hyundai Santa Fe
553 896 сом
$ 6 300
https://im.mashina.kg/tachka/images//7/a/5/7a52a1630c5ce3a3481cc14132bcd242_240x180.jpg
2004г.,2л.,автоматвнедорожник5дв.,дизельрульслева,290000км
Kia K7
1 670 480 сом
$ 19 000
https://im.mashina.kg/tachka/images//e/e/f/eef2f93781abe0d342c56196bd8eaf5e_240x180.jpg
2017г.,2.4л.,автоматседан,бензинрульслева,17700км
Subaru Forester
1 890 280 сом
$ 21 500
https://im.mashina.kg/tachka/images//b/a/e/baea0e88b4220b5eec135906e7ba1776_240x180.jpg
2018г.,2.5л.,вариаторвнедорожник5дв.,бензинрульслева,40000км
Hyundai Santa Fe
2 901 360 сом
$ 33 000
https://im.mashina.kg/tachka/images//a/c/9/ac9c6324ff21de0d2193dcadde6b591d_240x180.jpg
2018г.,2.2л.,автоматвнедорожник5дв.,дизельрульслева,148000км
Hyundai Sonata
1 485 848 сом
$ 16 900
https://im.mashina.kg/tachka/images//c/3/e/c3e7a59d1cdc336b6159a3c25c6139a5_240x180.jpg
2019г.,2.4л.,автоматседан,бензинрульслева,45000км
Hyundai Kona
2 329 880 сом
$ 26 500
https://im.mashina.kg/tachka/images//3/1/e/31e36c330a85ba4d2a4fee137e0015de_240x180.jpg
2019г.,автоматвнедорожник5дв.,электрорульслева,105000км
Hyundai Santa Fe
3 736 600 сом
$ 42 500
https://im.mashina.kg/tachka/images//0/0/5/005accad9863a81a09ca7aa14e71b2be_240x180.jpg
2021г.,2.2л.,роботвнедорожник5дв.,дизельрульслева,45000км
Mitsubishi Outlander
1 538 600 сом
$ 17 500
https://im.mashina.kg/tachka/images//5/f/7/5f73f9e9b7bc067f404f7009d2dcfc53_240x180.jpg
2018г.,2.4л.,вариаторвнедорожник5дв.,бензинрульслева,125000км
Mercedes-Benz E-класс
923 160 сом
$ 10 500
https://im.mashina.kg/tachka/images//1/f/5/1f5c4e3f778cd7d555e1d3a93f1982e9_240x180.jpg
2002г.,4.3л.,автоматседан,бензинрульслева,215468км
Volkswagen Golf
483 560 сом
$ 5 500
https://im.mashina.kg/tachka/images//c/6/d/c6dc29a54e97f2cb2ec954127fecd102_240x180.jpg
2005г.,2л.,автоматхэтчбек5дв.,бензинрульслева
Kia K3
2 198 000 сом
$ 25 000
https://im.mashina.kg/tachka/images//3/c/3/3c3753ef0ee203949917688bb89394a6_240x180.jpg
2021г.,1.6л.,вариаторседан,бензинрульслева,6850км
Subaru Forester
2 329 880 сом
$ 26 500
https://im.mashina.kg/tachka/images//d/a/9/da9377f7e515bf50c6be8a237f739710_240x180.jpg
2021г.,2.5л.,вариаторвнедорожник5дв.,бензинрульслева,23000км
Daewoo Matiz
130 000 сом
$ 1 479
https://im.mashina.kg/tachka/images//9/0/3/90322e3aca35a78ea55cd2d9111b4160_240x180.jpg
2002г.,0.8л.,механикахэтчбек5дв.,бензинрульслева,23109км
Toyota Corolla
615 440 сом
$ 7 000
https://im.mashina.kg/tachka/images//5/c/7/5c713a4c95191e4826fc512227589549_240x180.jpg
2005г.,1.4л.,механикахэтчбек5дв.,бензинрульслева,223000км
Toyota Ist
571 480 сом
$ 6 500
https://im.mashina.kg/tachka/images//7/4/5/7452e32cea38cf16ff17bb1c0b7809b5_240x180.jpg
2002г.,1.5л.,автоматхэтчбек5дв.,бензинрульсправа,222300км
Honda Civic
500 000 сом
$ 5 687
https://im.mashina.kg/tachka/images//6/b/e/6be22b2ec27216cdee3a1a50a94fa6d4_240x180.jpg
2003г.,1.7л.,автоматседан,бензинрульслева,190000км
Kia K5 II Седан
1 819 944 сом
$ 20 700
https://im.mashina.kg/tachka/images//a/c/d/acd3d7af98b6f661ee32bd82e299ccbe_240x180.jpg
2018г.,2л.,автоматседан,бензинрульслева,103000км
